"month","town","address","block","street_name","flat_type","storey_range","storey_range_lower","storey_range_upper","floor_area_sqm","flat_model","lease_commence_date","remaining_lease","remaining_lease_year","resale_price","LATITUDE","LONGITUDE","PROX_CBD"
"2020-01","JURONG WEST","621 JURONG WEST ST 65","621","JURONG WEST ST 65","4 ROOM","04 TO 06","04","06",90,"Model A2",2000,"79 years 10 months",79,352000,1.34094640873732,103.699525431571,23.032
"2020-01","JURONG WEST","657B JURONG WEST ST 65","657B","JURONG WEST ST 65","4 ROOM","13 TO 15","13","15",91,"Model A",2001,"80 years 05 months",80,365000,1.33596098683449,103.700840300361,22.355
"2020-01","JURONG WEST","836 JURONG WEST ST 81","836","JURONG WEST ST 81","4 ROOM","04 TO 06","04","06",109,"Model A",1993,"72 years 06 months",72,310000,1.34263096431938,103.693464895067,23.243
"2020-01","JURONG WEST","815 JURONG WEST ST 81","815","JURONG WEST ST 81","4 ROOM","04 TO 06","04","06",104,"Model A",1990,"69 years 01 month",69,310000,1.34533518976214,103.695853341574,23.354
"2020-01","JURONG WEST","851 JURONG WEST ST 81","851","JURONG WEST ST 81","4 ROOM","01 TO 03","01","03",108,"Model A",1996,"75 years 03 months",75,310000,1.3465916671122,103.692474184137,23.457
"2020-01","JURONG WEST","813 JURONG WEST ST 81","813","JURONG WEST ST 81","4 ROOM","07 TO 09","07","09",104,"Model A",1990,"69 years 01 month",69,308000,1.34600002492068,103.695778171885,23.413
"2020-01","JURONG WEST","933 JURONG WEST ST 91","933","JURONG WEST ST 91","4 ROOM","01 TO 03","01","03",104,"Model A",1988,"67 years",67,3e+05,1.34210369320009,103.689808823063,23.277
"2020-01","JURONG WEST","932 JURONG WEST ST 92","932","JURONG WEST ST 92","4 ROOM","10 TO 12","10","12",104,"Model A",1988,"67 years 05 months",67,318000,1.34175201491732,103.68866421473,23.506
"2020-01","JURONG WEST","987D JURONG WEST ST 93","987D","JURONG WEST ST 93","4 ROOM","16 TO 18","16","18",93,"Premium Apartment",2006,"85 years 04 months",85,418000,1.33659660947488,103.69537817893,22.427
"2020-01","JURONG WEST","348 KANG CHING RD","348","KANG CHING RD","4 ROOM","01 TO 03","01","03",103,"Model A",1997,"76 years 04 months",76,353000,1.3406099422348,103.719782260106,19.405
"2020-01","JURONG WEST","337B TAH CHING RD","337B","TAH CHING RD","4 ROOM","01 TO 03","01","03",92,"Model A",2010,"89 years 03 months",89,415000,1.33745034737284,103.722395565486,18.867
"2020-01","JURONG WEST","337A TAH CHING RD","337A","TAH CHING RD","4 ROOM","01 TO 03","01","03",94,"Model A",2010,"89 years 03 months",89,355000,1.33769966406232,103.722790261602,18.799
"2020-01","JURONG WEST","138A YUAN CHING RD","138A","YUAN CHING RD","4 ROOM","04 TO 06","04","06",91,"DBSS",2014,"93 years 09 months",93,620000,1.32793696486555,103.7241782483,18.22
"2020-01","JURONG WEST","138B YUAN CHING RD","138B","YUAN CHING RD","4 ROOM","22 TO 24","22","24",91,"DBSS",2014,"93 years 08 months",93,645000,1.32841510984309,103.724304147765,17.498
"2020-01","JURONG WEST","175B YUNG KUANG RD","175B","YUNG KUANG RD","4 ROOM","01 TO 03","01","03",93,"Premium Apartment",2015,"94 years 04 months",94,372000,1.33283359282698,103.721043381424,18.371
"2020-01","KALLANG/WHAMPOA","17 BEACH RD","17","BEACH RD","4 ROOM","16 TO 18","16","18",77,"Improved",1975,"54 years 01 month",54,490000,1.30368952030975,103.863575539303,3.775
"2020-01","KALLANG/WHAMPOA","6 BOON KENG RD","6","BOON KENG RD","4 ROOM","04 TO 06","04","06",108,"Model A",1996,"75 years 10 months",75,650000,1.31708990181432,103.860904808875,5.198
"2020-01","KALLANG/WHAMPOA","12 FARRER PK RD","12","FARRER PK RD","4 ROOM","04 TO 06","04","06",90,"Model A",2004,"83 years 06 months",83,616500,1.31198113120325,103.851638487106,4.889
"2020-01","KALLANG/WHAMPOA","12 FARRER PK RD","12","FARRER PK RD","4 ROOM","10 TO 12","10","12",90,"Model A",2004,"83 years 05 months",83,630000,1.31198113120325,103.851638487106,4.889
"2020-01","KALLANG/WHAMPOA","816 JELLICOE RD","816","JELLICOE RD","4 ROOM","19 TO 21","19","21",85,"Model A",2003,"82 years 03 months",82,695000,1.30695273729599,103.861244368296,4.135
"2020-01","KALLANG/WHAMPOA","108C MCNAIR RD","108C","MCNAIR RD","4 ROOM","13 TO 15","13","15",90,"Model A",2005,"84 years",84,715000,1.31984417513752,103.859462494536,5.648
"2020-01","KALLANG/WHAMPOA","109 MCNAIR RD","109","MCNAIR RD","4 ROOM","04 TO 06","04","06",103,"Model A",1987,"66 years 08 months",66,490000,1.32142037879584,103.859100345051,5.692
"2020-01","KALLANG/WHAMPOA","119 MCNAIR RD","119","MCNAIR RD","4 ROOM","01 TO 03","01","03",83,"Simplified",1987,"66 years 08 months",66,435000,1.3197152535396,103.856870419005,5.484
"2020-01","KALLANG/WHAMPOA","99 WHAMPOA DR","99","WHAMPOA DR","4 ROOM","07 TO 09","07","09",91,"Improved",1974,"53 years 02 months",53,365000,1.32081280371197,103.853803793872,7.049
"2020-01","KALLANG/WHAMPOA","49 WHAMPOA STH","49","WHAMPOA STH","4 ROOM","04 TO 06","04","06",87,"Improved",1974,"53 years 10 months",53,340000,1.32448737406528,103.866368168069,6.016
"2020-02","BUKIT PANJANG","209 PETIR RD","209","PETIR RD","4 ROOM","01 TO 03","01","03",104,"Model A",1989,"68 years 07 months",68,3e+05,1.37416176660147,103.775840374119,16.556
"2020-02","BUKIT PANJANG","635B SENJA RD","635B","SENJA RD","4 ROOM","16 TO 18","16","18",93,"Model A",2015,"94 years 08 months",94,458000,1.38660275237577,103.757710467868,18.958
"2020-02","BUKIT PANJANG","636C SENJA RD","636C","SENJA RD","4 ROOM","13 TO 15","13","15",92,"Model A",2015,"94 years 09 months",94,440000,1.3874345429217,103.75911857359,18.9
"2020-02","CENTRAL AREA","26 JLN BERSEH","26","JLN BERSEH","4 ROOM","13 TO 15","13","15",87,"Improved",1979,"58 years 04 months",58,480000,1.30616360895626,103.857776695846,3.886
"2020-02","CENTRAL AREA","672B KLANG LANE","672B","KLANG LANE","4 ROOM","04 TO 06","04","06",85,"Model A",2002,"81 years 05 months",81,498000,1.30903703924735,103.852847667323,4.064
"2020-02","CHOA CHU KANG","297 CHOA CHU KANG AVE 2","297","CHOA CHU KANG AVE 2","4 ROOM","13 TO 15","13","15",101,"Premium Apartment",1999,"78 years 05 months",78,346500,1.37706567641654,103.74190945118,22.906
"2020-02","CHOA CHU KANG","406 CHOA CHU KANG AVE 3","406","CHOA CHU KANG AVE 3","4 ROOM","04 TO 06","04","06",104,"Model A",1993,"72 years 04 months",72,322000,1.38037389462046,103.740209588608,23.108
"2020-02","CHOA CHU KANG","484D CHOA CHU KANG AVE 5","484D","CHOA CHU KANG AVE 5","4 ROOM","13 TO 15","13","15",100,"Model A",1999,"78 years 02 months",78,357000,1.37534797754277,103.737317097286,23.031
"2020-02","CHOA CHU KANG","682 CHOA CHU KANG CRES","682","CHOA CHU KANG CRES","4 ROOM","10 TO 12","10","12",106,"Premium Apartment",1999,"78 years 08 months",78,368000,1.40251053782999,103.745291162637,23.377
"2020-02","CHOA CHU KANG","680 CHOA CHU KANG CRES","680","CHOA CHU KANG CRES","4 ROOM","10 TO 12","10","12",103,"Premium Apartment",1999,"78 years 08 months",78,328000,1.40333610825505,103.745131655848,23.531
"2020-02","CHOA CHU KANG","230 CHOA CHU KANG CTRL","230","CHOA CHU KANG CTRL","4 ROOM","04 TO 06","04","06",111,"Model A",1990,"69 years 04 months",69,350000,1.3804123119769,103.746190534804,20.326
"2020-02","CHOA CHU KANG","572 CHOA CHU KANG ST 52","572","CHOA CHU KANG ST 52","4 ROOM","01 TO 03","01","03",92,"Model A",2015,"93 years 11 months",93,392000,1.39371762095466,103.745303811777,22.618
"2020-03","TAMPINES","861A TAMPINES AVE 5","861A","TAMPINES AVE 5","4 ROOM","13 TO 15","13","15",104,"Model A",1988,"67 years 06 months",67,468000,1.3546866830668,103.937284489755,15.202
"2020-03","TAMPINES","523D TAMPINES CTRL 7","523D","TAMPINES CTRL 7","4 ROOM","07 TO 09","07","09",93,"Model A",2015,"94 years 06 months",94,555000,1.35935847028614,103.938908760398,19.482
"2020-03","TAMPINES","523D TAMPINES CTRL 7","523D","TAMPINES CTRL 7","4 ROOM","04 TO 06","04","06",93,"Model A",2015,"94 years 05 months",94,518888,1.35935847028614,103.938908760398,19.482
"2020-03","TAMPINES","524A TAMPINES CTRL 7","524A","TAMPINES CTRL 7","4 ROOM","13 TO 15","13","15",93,"Model A",2015,"94 years 05 months",94,575000,1.35835090267773,103.938908840402,19.463
"2020-03","TAMPINES","140 TAMPINES ST 12","140","TAMPINES ST 12","4 ROOM","04 TO 06","04","06",91,"New Generation",1984,"63 years 10 months",63,360000,1.34755779818379,103.943814796185,18.79
"2020-03","TAMPINES","166 TAMPINES ST 12","166","TAMPINES ST 12","4 ROOM","04 TO 06","04","06",103,"Model A",1984,"63 years 03 months",63,450000,1.34882100651553,103.946433351076,19.221
"2020-03","TAMPINES","247 TAMPINES ST 21","247","TAMPINES ST 21","4 ROOM","04 TO 06","04","06",91,"New Generation",1984,"63 years 01 month",63,370000,1.35228092171658,103.946911552645,19.812
"2020-03","TAMPINES","292 TAMPINES ST 22","292","TAMPINES ST 22","4 ROOM","01 TO 03","01","03",91,"New Generation",1985,"64 years 01 month",64,345000,1.35018359420823,103.955775653808,19.492
"2020-03","TAMPINES","319 TAMPINES ST 33","319","TAMPINES ST 33","4 ROOM","07 TO 09","07","09",107,"Model A",1995,"74 years 07 months",74,380888,1.35086520634088,103.956396069577,21.179
"2020-03","TAMPINES","370 TAMPINES ST 34","370","TAMPINES ST 34","4 ROOM","04 TO 06","04","06",100,"Model A",1997,"75 years 11 months",75,435000,1.3580388536739,103.959670086702,22.406
"2020-03","TAMPINES","361 TAMPINES ST 34","361","TAMPINES ST 34","4 ROOM","04 TO 06","04","06",107,"Model A",1996,"75 years 02 months",75,4e+05,1.35602982021378,103.962578212172,22.598
"2020-03","TAMPINES","401 TAMPINES ST 41","401","TAMPINES ST 41","4 ROOM","07 TO 09","07","09",84,"Simplified",1985,"64 years 06 months",64,428888,1.3570728680964,103.944912676662,20.069
"2020-03","TAMPINES","437 TAMPINES ST 43","437","TAMPINES ST 43","4 ROOM","07 TO 09","07","09",104,"Model A",1986,"65 years 05 months",65,395000,1.35996624539325,103.951587758584,21.588
"2020-03","TAMPINES","489A TAMPINES ST 45","489A","TAMPINES ST 45","4 ROOM","01 TO 03","01","03",104,"Model A",1989,"68 years 02 months",68,370000,1.36108575636585,103.957224811648,22.524
"2020-03","TAMPINES","734 TAMPINES ST 71","734","TAMPINES ST 71","4 ROOM","01 TO 03","01","03",104,"Model A",1997,"76 years 04 months",76,385000,1.35820447554431,103.934339097013,14.907
"2020-03","TAMPINES","724 TAMPINES ST 71","724","TAMPINES ST 71","4 ROOM","13 TO 15","13","15",103,"Model A",1997,"76 years 05 months",76,412000,1.35684229419395,103.934951160364,15.301
"2020-03","TAMPINES","713 TAMPINES ST 71","713","TAMPINES ST 71","4 ROOM","13 TO 15","13","15",100,"Model A",1997,"76 years",76,430000,1.35924098095519,103.937646641338,15.443
"2020-03","TAMPINES","742 TAMPINES ST 72","742","TAMPINES ST 72","4 ROOM","01 TO 03","01","03",101,"Model A",1997,"76 years 07 months",76,404000,1.35958874830961,103.933361011699,15.101
"2020-03","TAMPINES","736 TAMPINES ST 72","736","TAMPINES ST 72","4 ROOM","07 TO 09","07","09",101,"Model A",1997,"76 years 06 months",76,438000,1.3590415975547,103.934383357768,15.142
"2020-03","TAMPINES","842B TAMPINES ST 82","842B","TAMPINES ST 82","4 ROOM","07 TO 09","07","09",107,"Model A",1995,"74 years",74,455000,1.35109233984766,103.937107012124,18.685
"2020-03","TAMPINES","849 TAMPINES ST 83","849","TAMPINES ST 83","4 ROOM","01 TO 03","01","03",84,"Simplified",1987,"66 years 09 months",66,355000,1.35284029067372,103.935520863332,14.74
"2020-03","TAMPINES","871A TAMPINES ST 84","871A","TAMPINES ST 84","4 ROOM","04 TO 06","04","06",104,"Model A",1989,"68 years 01 month",68,440000,1.35456842419882,103.931884752503,14.507
"2020-03","TAMPINES","930 TAMPINES ST 91","930","TAMPINES ST 91","4 ROOM","07 TO 09","07","09",104,"Model A",1984,"63 years 09 months",63,415000,1.34596292007996,103.939614775098,17.748
"2020-03","TAMPINES","914 TAMPINES ST 91","914","TAMPINES ST 91","4 ROOM","04 TO 06","04","06",105,"Model A",1984,"63 years 06 months",63,410000,1.34902777063214,103.939568394541,17.959
"2020-03","TOA PAYOH","15 JOO SENG RD","15","JOO SENG RD","4 ROOM","10 TO 12","10","12",103,"Model A",1984,"63 years 01 month",63,380000,1.33550132176622,103.880231498548,10.177
"2020-03","TOA PAYOH","15 JOO SENG RD","15","JOO SENG RD","4 ROOM","07 TO 09","07","09",103,"Model A",1984,"63 years",63,430000,1.33550132176622,103.880231498548,10.177
"2020-03","TOA PAYOH","247 KIM KEAT LINK","247","KIM KEAT LINK","4 ROOM","07 TO 09","07","09",104,"Model A",1989,"67 years 11 months",67,5e+05,1.33106276500964,103.855267007861,10.272
"2020-03","TOA PAYOH","138C LOR 1A TOA PAYOH","138C","LOR 1A TOA PAYOH","4 ROOM","28 TO 30","28","30",91,"DBSS",2012,"91 years 02 months",91,815000,1.33626413671063,103.844907413472,8.999
"2020-03","TOA PAYOH","152 LOR 2 TOA PAYOH","152","LOR 2 TOA PAYOH","4 ROOM","19 TO 21","19","21",91,"Model A",2006,"84 years 10 months",84,765000,1.33416708512554,103.845891140252,8.372
"2020-03","TOA PAYOH","142 LOR 2 TOA PAYOH","142","LOR 2 TOA PAYOH","4 ROOM","07 TO 09","07","09",85,"Model A",2001,"79 years 10 months",79,560000,1.33583774995002,103.845162997311,8.808
"2020-03","TOA PAYOH","60 LOR 4 TOA PAYOH","60","LOR 4 TOA PAYOH","4 ROOM","04 TO 06","04","06",100,"Model A",1999,"78 years 07 months",78,604898,1.33632813877246,103.850756428954,11.366
"2020-03","TOA PAYOH","214 LOR 8 TOA PAYOH","214","LOR 8 TOA PAYOH","4 ROOM","16 TO 18","16","18",82,"Improved",1975,"54 years 05 months",54,328000,1.34183370695987,103.854370726041,11.335
"2020-03","TOA PAYOH","115 POTONG PASIR AVE 1","115","POTONG PASIR AVE 1","4 ROOM","07 TO 09","07","09",93,"New Generation",1984,"63 years 07 months",63,410000,1.33726999806036,103.862806558366,9.883
"2020-03","TOA PAYOH","143 POTONG PASIR AVE 2","143","POTONG PASIR AVE 2","4 ROOM","04 TO 06","04","06",104,"Model A",1984,"63 years 05 months",63,570000,1.33290761070926,103.866168849371,9.055
"2020-03","TOA PAYOH","79B TOA PAYOH CTRL","79B","TOA PAYOH CTRL","4 ROOM","07 TO 09","07","09",92,"Model A",2009,"88 years 01 month",88,730000,1.33464078301907,103.847990266882,8.378
"2020-03","WOODLANDS","7 MARSILING DR","7","MARSILING DR","4 ROOM","07 TO 09","07","09",90,"Improved",1976,"54 years 10 months",54,238000,1.44166906487399,103.776733408183,24.494
"2020-03","WOODLANDS","12A MARSILING LANE","12A","MARSILING LANE","4 ROOM","25 TO 27","25","27",94,"Model A",2013,"92 years 04 months",92,426000,1.44131726915198,103.778405129794,24.552
"2020-03","WOODLANDS","614 WOODLANDS AVE 4","614","WOODLANDS AVE 4","4 ROOM","07 TO 09","07","09",101,"Model A",1998,"77 years 05 months",77,328000,1.43445536966004,103.79641239237,26.562
"2020-03","WOODLANDS","366 WOODLANDS AVE 5","366","WOODLANDS AVE 5","4 ROOM","10 TO 12","10","12",105,"Model A",1996,"75 years 03 months",75,430000,1.43374240160648,103.787381727991,26.45
"2020-03","WOODLANDS","760 WOODLANDS AVE 6","760","WOODLANDS AVE 6","4 ROOM","01 TO 03","01","03",102,"Model A",1998,"76 years 11 months",76,340000,1.44682318326801,103.796542079788,27.593
"2020-03","WOODLANDS","878 WOODLANDS AVE 9","878","WOODLANDS AVE 9","4 ROOM","07 TO 09","07","09",105,"Model A",1996,"75 years 03 months",75,338000,1.44543259391434,103.791997075976,27.809
"2020-03","WOODLANDS","730 WOODLANDS CIRCLE","730","WOODLANDS CIRCLE","4 ROOM","04 TO 06","04","06",101,"Model A2",1997,"76 years 07 months",76,345000,1.44250944568635,103.797703850444,27.312
"2020-03","WOODLANDS","752 WOODLANDS CIRCLE","752","WOODLANDS CIRCLE","4 ROOM","07 TO 09","07","09",102,"Model A",1998,"76 years 11 months",76,336000,1.44560469012994,103.794908594493,27.63
"2020-03","WOODLANDS","743 WOODLANDS CIRCLE","743","WOODLANDS CIRCLE","4 ROOM","04 TO 06","04","06",91,"Model A2",1997,"76 years 07 months",76,295000,1.443728242112,103.796311726423,27.399
"2020-03","WOODLANDS","740 WOODLANDS CIRCLE","740","WOODLANDS CIRCLE","4 ROOM","10 TO 12","10","12",102,"Model A",1997,"76 years 07 months",76,350000,1.44451878985516,103.796297965196,27.54
"2020-03","WOODLANDS","746 WOODLANDS CIRCLE","746","WOODLANDS CIRCLE","4 ROOM","07 TO 09","07","09",102,"Model A",1998,"76 years 10 months",76,350000,1.4425071362764,103.795304649405,27.619
"2020-03","WOODLANDS","787C WOODLANDS CRES","787C","WOODLANDS CRES","4 ROOM","04 TO 06","04","06",100,"Model A",1997,"76 years 07 months",76,323888,1.4448677578465,103.801173705124,27.402
"2020-03","WOODLANDS","782B WOODLANDS CRES","782B","WOODLANDS CRES","4 ROOM","13 TO 15","13","15",92,"Model A",2015,"94 years 03 months",94,420000,1.44746980055218,103.803227069534,27.463
"2020-03","WOODLANDS","782B WOODLANDS CRES","782B","WOODLANDS CRES","4 ROOM","07 TO 09","07","09",92,"Model A",2015,"94 years 04 months",94,375000,1.44746980055218,103.803227069534,27.463
"2020-03","WOODLANDS","782A WOODLANDS CRES","782A","WOODLANDS CRES","4 ROOM","13 TO 15","13","15",92,"Model A",2015,"94 years 03 months",94,4e+05,1.44746650320484,103.802661294631,27.499
"2020-03","WOODLANDS","782D WOODLANDS CRES","782D","WOODLANDS CRES","4 ROOM","10 TO 12","10","12",92,"Model A",2015,"94 years 03 months",94,385000,1.44817395186338,103.803035444573,27.676
"2020-03","WOODLANDS","775 WOODLANDS CRES","775","WOODLANDS CRES","4 ROOM","10 TO 12","10","12",93,"Model A2",1997,"76 years 07 months",76,333000,1.44851537801544,103.799883743679,27.578
"2020-03","WOODLANDS","782D WOODLANDS CRES","782D","WOODLANDS CRES","4 ROOM","10 TO 12","10","12",92,"Model A",2015,"94 years 03 months",94,376000,1.44817395186338,103.803035444573,27.676
"2020-03","WOODLANDS","780E WOODLANDS CRES","780E","WOODLANDS CRES","4 ROOM","01 TO 03","01","03",92,"Model A",2015,"94 years 04 months",94,350000,1.44800009031143,103.801700391926,27.666
"2020-03","WOODLANDS","891B WOODLANDS DR 50","891B","WOODLANDS DR 50","4 ROOM","07 TO 09","07","09",100,"Model A",1996,"75 years 08 months",75,350000,1.43791227793029,103.79053981455,27.154
"2020-03","WOODLANDS","887A WOODLANDS DR 50","887A","WOODLANDS DR 50","4 ROOM","07 TO 09","07","09",92,"Premium Apartment",2015,"93 years 11 months",93,421888,1.43719216541067,103.793890876939,26.872
"2020-03","WOODLANDS","886B WOODLANDS DR 50","886B","WOODLANDS DR 50","4 ROOM","07 TO 09","07","09",92,"Premium Apartment",2015,"93 years 11 months",93,430000,1.43825809969323,103.794115487248,26.931
"2020-03","WOODLANDS","899C WOODLANDS DR 50","899C","WOODLANDS DR 50","4 ROOM","07 TO 09","07","09",100,"Model A",1997,"76 years 06 months",76,340000,1.43657077949579,103.795252865463,26.969
"2020-03","WOODLANDS","892B WOODLANDS DR 50","892B","WOODLANDS DR 50","4 ROOM","04 TO 06","04","06",100,"Model A",1996,"75 years 07 months",75,358000,1.43758961828961,103.789673572257,27.055
"2020-03","WOODLANDS","620 WOODLANDS DR 52","620","WOODLANDS DR 52","4 ROOM","10 TO 12","10","12",92,"Model A2",1998,"77 years 04 months",77,320000,1.43341899606696,103.798930015318,26.015
"2020-03","WOODLANDS","554 WOODLANDS DR 53","554","WOODLANDS DR 53","4 ROOM","01 TO 03","01","03",89,"Model A2",1999,"78 years 10 months",78,310000,1.43210416367253,103.796490812112,25.477
"2020-03","WOODLANDS","681B WOODLANDS DR 62","681B","WOODLANDS DR 62","4 ROOM","01 TO 03","01","03",105,"Premium Apartment",2000,"78 years 11 months",78,337000,1.43932470475883,103.803324088659,26.401
"2020-03","WOODLANDS","657 WOODLANDS RING RD","657","WOODLANDS RING RD","4 ROOM","10 TO 12","10","12",101,"Model A",1998,"77 years",77,356000,1.43669060313023,103.798557890119,26.639
"2020-03","WOODLANDS","645 WOODLANDS RING RD","645","WOODLANDS RING RD","4 ROOM","10 TO 12","10","12",101,"Model A",1998,"77 years 04 months",77,355000,1.43705047335975,103.800942560385,26.022
"2020-03","WOODLANDS","177 WOODLANDS ST 13","177","WOODLANDS ST 13","4 ROOM","10 TO 12","10","12",91,"New Generation",1986,"65 years",65,325000,1.43435791362603,103.778088434368,24.032
"2020-03","WOODLANDS","149 WOODLANDS ST 13","149","WOODLANDS ST 13","4 ROOM","04 TO 06","04","06",93,"New Generation",1985,"64 years",64,308000,1.4357638173206,103.772798008229,23.948
"2020-03","WOODLANDS","157 WOODLANDS ST 13","157","WOODLANDS ST 13","4 ROOM","10 TO 12","10","12",103,"Model A",1985,"64 years",64,350000,1.43437664621496,103.774783081105,23.291
"2020-03","WOODLANDS","334 WOODLANDS ST 32","334","WOODLANDS ST 32","4 ROOM","01 TO 03","01","03",83,"Simplified",1985,"64 years 09 months",64,295000,1.43004416352758,103.780454640251,23.832
"2020-03","WOODLANDS","335 WOODLANDS ST 32","335","WOODLANDS ST 32","4 ROOM","07 TO 09","07","09",83,"Simplified",1985,"64 years 09 months",64,270000,1.42972520117129,103.780579357988,23.829
"2020-03","WOODLANDS","324 WOODLANDS ST 32","324","WOODLANDS ST 32","4 ROOM","01 TO 03","01","03",84,"Simplified",1989,"67 years 11 months",67,285000,1.43123848904483,103.779712471656,23.593
"2020-03","WOODLANDS","418 WOODLANDS ST 41","418","WOODLANDS ST 41","4 ROOM","13 TO 15","13","15",106,"Model A",1996,"74 years 11 months",74,380000,1.42886831527826,103.774774277132,23.338
"2020-03","WOODLANDS","401 WOODLANDS ST 41","401","WOODLANDS ST 41","4 ROOM","04 TO 06","04","06",106,"Model A",1995,"74 years 09 months",74,348888,1.43044858018499,103.772774066417,23.399
"2020-03","WOODLANDS","871 WOODLANDS ST 81","871","WOODLANDS ST 81","4 ROOM","07 TO 09","07","09",111,"Model A",1996,"75 years 01 month",75,360000,1.44383683564638,103.789193178678,27.331
"2020-03","WOODLANDS","871 WOODLANDS ST 81","871","WOODLANDS ST 81","4 ROOM","07 TO 09","07","09",111,"Model A",1996,"75 years 01 month",75,365000,1.44383683564638,103.789193178678,27.331
"2020-03","YISHUN","431D YISHUN AVE 1","431D","YISHUN AVE 1","4 ROOM","04 TO 06","04","06",92,"Model A",2015,"94 years 07 months",94,363000,1.4199690584837,103.846969476811,21.09
"2020-03","YISHUN","431D YISHUN AVE 1","431D","YISHUN AVE 1","4 ROOM","13 TO 15","13","15",92,"Model A",2015,"94 years 07 months",94,380000,1.4199690584837,103.846969476811,21.09
"2020-03","YISHUN","431D YISHUN AVE 1","431D","YISHUN AVE 1","4 ROOM","04 TO 06","04","06",92,"Model A",2015,"94 years 06 months",94,360000,1.4199690584837,103.846969476811,21.09
"2020-03","YISHUN","431D YISHUN AVE 1","431D","YISHUN AVE 1","4 ROOM","04 TO 06","04","06",92,"Model A",2015,"94 years 06 months",94,380000,1.4199690584837,103.846969476811,21.09
"2020-03","YISHUN","432A YISHUN AVE 1","432A","YISHUN AVE 1","4 ROOM","10 TO 12","10","12",92,"Model A",2015,"94 years 06 months",94,4e+05,1.41930728950471,103.847043629046,21.062
"2020-03","YISHUN","348D YISHUN AVE 11","348D","YISHUN AVE 11","4 ROOM","04 TO 06","04","06",92,"DBSS",2013,"92 years 07 months",92,498000,1.42692662097559,103.842896956705,22.739
"2020-03","YISHUN","430B YISHUN AVE 11","430B","YISHUN AVE 11","4 ROOM","10 TO 12","10","12",92,"Model A",2015,"94 years 10 months",94,423000,1.42098709730833,103.848612654306,21.15
"2020-03","YISHUN","429A YISHUN AVE 11","429A","YISHUN AVE 11","4 ROOM","01 TO 03","01","03",92,"Model A",2015,"94 years 10 months",94,353000,1.42209731725453,103.849560369299,21.087
"2020-03","YISHUN","430B YISHUN AVE 11","430B","YISHUN AVE 11","4 ROOM","10 TO 12","10","12",92,"Model A",2015,"94 years 10 months",94,382000,1.42098709730833,103.848612654306,21.15
"2020-03","YISHUN","348A YISHUN AVE 11","348A","YISHUN AVE 11","4 ROOM","07 TO 09","07","09",92,"DBSS",2013,"92 years 07 months",92,580000,1.42735307116966,103.841219186625,22.81
"2020-03","YISHUN","442 YISHUN AVE 11","442","YISHUN AVE 11","4 ROOM","04 TO 06","04","06",93,"Model A",2012,"91 years 04 months",91,365000,1.42349006597765,103.845333238298,21.269
"2020-03","YISHUN","348B YISHUN AVE 11","348B","YISHUN AVE 11","4 ROOM","10 TO 12","10","12",92,"DBSS",2013,"92 years 07 months",92,580000,1.42727813190218,103.841979979174,22.747
"2020-03","YISHUN","439 YISHUN AVE 11","439","YISHUN AVE 11","4 ROOM","07 TO 09","07","09",104,"Model A",1988,"67 years 05 months",67,325000,1.42199326349606,103.84614699943,21.324
"2020-03","YISHUN","458 YISHUN AVE 11","458","YISHUN AVE 11","4 ROOM","07 TO 09","07","09",93,"Model A",2013,"92 years 05 months",92,370000,1.42066731724757,103.846207771514,21.308
"2020-03","YISHUN","458 YISHUN AVE 11","458","YISHUN AVE 11","4 ROOM","10 TO 12","10","12",93,"Model A",2013,"92 years 05 months",92,400888,1.42066731724757,103.846207771514,21.308
"2020-03","YISHUN","416 YISHUN AVE 11","416","YISHUN AVE 11","4 ROOM","04 TO 06","04","06",104,"Model A",1993,"71 years 11 months",71,345000,1.42373289076121,103.846082250956,21.327
"2020-03","YISHUN","426B YISHUN AVE 11","426B","YISHUN AVE 11","4 ROOM","04 TO 06","04","06",92,"Model A",2015,"94 years",94,380000,1.4227214845963,103.846366899948,21.348
"2020-03","YISHUN","430B YISHUN AVE 11","430B","YISHUN AVE 11","4 ROOM","01 TO 03","01","03",92,"Model A",2015,"94 years 09 months",94,360000,1.42098709730833,103.848612654306,21.15
"2020-03","YISHUN","778 YISHUN AVE 2","778","YISHUN AVE 2","4 ROOM","10 TO 12","10","12",104,"Model A",1989,"67 years 10 months",67,355000,1.42220846081279,103.833791098596,22.106
"2020-03","YISHUN","772 YISHUN AVE 3","772","YISHUN AVE 3","4 ROOM","04 TO 06","04","06",84,"Simplified",1985,"64 years 07 months",64,320888,1.4236387330377,103.832580045903,22.077
"2020-03","YISHUN","768 YISHUN AVE 3","768","YISHUN AVE 3","4 ROOM","10 TO 12","10","12",84,"Simplified",1985,"64 years 05 months",64,330000,1.42436151334868,103.833940260983,21.997
"2020-03","YISHUN","660 YISHUN AVE 4","660","YISHUN AVE 4","4 ROOM","10 TO 12","10","12",84,"Simplified",1987,"66 years 06 months",66,280000,1.4216268803115,103.839704622322,22.541
"2020-03","YISHUN","666A YISHUN AVE 4","666A","YISHUN AVE 4","4 ROOM","01 TO 03","01","03",83,"Simplified",1987,"66 years 01 month",66,280000,1.41940805219597,103.839993791322,21.944
"2020-03","YISHUN","101 YISHUN AVE 5","101","YISHUN AVE 5","4 ROOM","04 TO 06","04","06",90,"New Generation",1978,"57 years 03 months",57,278000,1.43053589946874,103.827668593789,23.311
"2020-03","YISHUN","390 YISHUN AVE 6","390","YISHUN AVE 6","4 ROOM","04 TO 06","04","06",84,"Simplified",1988,"67 years 06 months",67,247000,1.42921279276692,103.848403863548,20.85
"2020-03","YISHUN","389 YISHUN AVE 6","389","YISHUN AVE 6","4 ROOM","07 TO 09","07","09",104,"Model A",1988,"67 years 02 months",67,3e+05,1.42956999096502,103.848020471141,20.861
"2020-03","YISHUN","403 YISHUN AVE 6","403","YISHUN AVE 6","4 ROOM","04 TO 06","04","06",84,"Simplified",1988,"67 years 08 months",67,270000,1.42693726397599,103.848553174584,20.857
"2020-03","YISHUN","408 YISHUN AVE 6","408","YISHUN AVE 6","4 ROOM","01 TO 03","01","03",84,"Simplified",1988,"67 years 04 months",67,280000,1.42625360262732,103.848427509202,20.981
"2020-03","YISHUN","288 YISHUN AVE 6","288","YISHUN AVE 6","4 ROOM","07 TO 09","07","09",84,"Simplified",1987,"66 years 05 months",66,315000,1.43986303227036,103.837513549505,22.58
"2020-03","YISHUN","171 YISHUN AVE 7","171","YISHUN AVE 7","4 ROOM","01 TO 03","01","03",103,"Model A",1988,"67 years 05 months",67,3e+05,1.43691621022976,103.832132015264,23.881
"2020-03","YISHUN","174 YISHUN AVE 7","174","YISHUN AVE 7","4 ROOM","01 TO 03","01","03",84,"Simplified",1987,"66 years 08 months",66,280000,1.43739545335207,103.831939137109,23.916
"2020-03","YISHUN","316A YISHUN AVE 9","316A","YISHUN AVE 9","4 ROOM","13 TO 15","13","15",92,"Model A",2015,"94 years 08 months",94,420000,1.43335530681195,103.842705084631,21.916
"2020-03","YISHUN","315B YISHUN AVE 9","315B","YISHUN AVE 9","4 ROOM","10 TO 12","10","12",92,"Model A",2015,"94 years 08 months",94,440888,1.43193085614681,103.842565042895,23.406
"2020-03","YISHUN","315A YISHUN AVE 9","315A","YISHUN AVE 9","4 ROOM","01 TO 03","01","03",92,"Model A",2015,"94 years 08 months",94,346000,1.43238385408312,103.842384119393,23.369
"2020-03","YISHUN","315A YISHUN AVE 9","315A","YISHUN AVE 9","4 ROOM","10 TO 12","10","12",92,"Model A",2015,"94 years 07 months",94,428000,1.43238385408312,103.842384119393,23.369
"2020-03","YISHUN","246 YISHUN AVE 9","246","YISHUN AVE 9","4 ROOM","04 TO 06","04","06",84,"Simplified",1985,"64 years 02 months",64,282000,1.43509085774181,103.84269104902,21.821
"2020-03","YISHUN","246 YISHUN AVE 9","246","YISHUN AVE 9","4 ROOM","10 TO 12","10","12",105,"Model A",1985,"64 years 02 months",64,331000,1.43509085774181,103.84269104902,21.821
"2020-03","YISHUN","318B YISHUN AVE 9","318B","YISHUN AVE 9","4 ROOM","01 TO 03","01","03",92,"Model A",2015,"94 years 07 months",94,365000,1.43367833611169,103.843871260947,21.873
"2020-03","YISHUN","315B YISHUN AVE 9","315B","YISHUN AVE 9","4 ROOM","01 TO 03","01","03",92,"Model A",2015,"94 years 07 months",94,410000,1.43193085614681,103.842565042895,23.406
"2020-03","YISHUN","317B YISHUN AVE 9","317B","YISHUN AVE 9","4 ROOM","04 TO 06","04","06",92,"Model A",2015,"94 years 07 months",94,382000,1.43416878511817,103.842950441024,21.777
"2020-03","YISHUN","316C YISHUN AVE 9","316C","YISHUN AVE 9","4 ROOM","10 TO 12","10","12",92,"Model A",2015,"94 years 07 months",94,420000,1.43292306072856,103.843472712009,22.037
"2020-03","YISHUN","302 YISHUN CTRL","302","YISHUN CTRL","4 ROOM","10 TO 12","10","12",104,"Model A",1988,"67 years 01 month",67,370000,1.43003455434607,103.839674797958,22.87
"2020-03","YISHUN","323 YISHUN CTRL","323","YISHUN CTRL","4 ROOM","01 TO 03","01","03",108,"Model A",1988,"67 years 05 months",67,350000,1.42817915274422,103.841271522781,22.876
"2020-03","YISHUN","302 YISHUN CTRL","302","YISHUN CTRL","4 ROOM","04 TO 06","04","06",108,"Model A",1988,"67 years",67,353000,1.43003455434607,103.839674797958,22.87
"2020-03","YISHUN","241 YISHUN RING RD","241","YISHUN RING RD","4 ROOM","01 TO 03","01","03",93,"New Generation",1986,"65 years 10 months",65,305000,1.43212015583779,103.839123120521,23.652
"2020-03","YISHUN","308 YISHUN RING RD","308","YISHUN RING RD","4 ROOM","10 TO 12","10","12",108,"Model A",1988,"67 years 04 months",67,375000,1.43122983753347,103.840559963761,23.041
"2020-03","YISHUN","342C YISHUN RING RD","342C","YISHUN RING RD","4 ROOM","13 TO 15","13","15",93,"Premium Apartment",2016,"94 years 11 months",94,425000,1.42991891753486,103.844367469818,21.689
"2020-03","YISHUN","241 YISHUN RING RD","241","YISHUN RING RD","4 ROOM","07 TO 09","07","09",93,"New Generation",1986,"65 years 10 months",65,333000,1.43212015583779,103.839123120521,23.652
"2020-03","YISHUN","386 YISHUN RING RD","386","YISHUN RING RD","4 ROOM","01 TO 03","01","03",104,"Model A",1988,"67 years 04 months",67,3e+05,1.42898064926516,103.846473489722,21.107
"2020-03","YISHUN","141 YISHUN RING RD","141","YISHUN RING RD","4 ROOM","01 TO 03","01","03",93,"New Generation",1984,"63 years 09 months",63,315000,1.4311373790392,103.829957442929,23.229
"2020-03","YISHUN","255 YISHUN RING RD","255","YISHUN RING RD","4 ROOM","10 TO 12","10","12",84,"Simplified",1985,"64 years 05 months",64,290000,1.43431631548686,103.840689452912,23.407
"2020-03","YISHUN","113 YISHUN RING RD","113","YISHUN RING RD","4 ROOM","04 TO 06","04","06",103,"Model A",1986,"65 years",65,320000,1.43513580201461,103.828873241093,23.571
"2020-03","YISHUN","242 YISHUN RING RD","242","YISHUN RING RD","4 ROOM","04 TO 06","04","06",93,"New Generation",1986,"64 years 10 months",64,330000,1.43270791512175,103.840052416236,23.556
"2020-03","YISHUN","115 YISHUN RING RD","115","YISHUN RING RD","4 ROOM","04 TO 06","04","06",109,"Model A",1983,"62 years 04 months",62,333000,1.43456484461254,103.827973678337,23.619
"2020-03","YISHUN","402 YISHUN RING RD","402","YISHUN RING RD","4 ROOM","07 TO 09","07","09",104,"Model A",1989,"67 years 11 months",67,325000,1.42654968667614,103.847265134763,21.642
"2020-03","YISHUN","115B YISHUN RING RD","115B","YISHUN RING RD","4 ROOM","01 TO 03","01","03",92,"Model A",2001,"80 years 05 months",80,320800,1.43344153477202,103.827060237241,23.56
"2020-03","YISHUN","794 YISHUN RING RD","794","YISHUN RING RD","4 ROOM","04 TO 06","04","06",84,"Simplified",1987,"65 years 11 months",65,318000,1.4199655220838,103.832204393262,21.779
"2020-03","YISHUN","332 YISHUN RING RD","332","YISHUN RING RD","4 ROOM","04 TO 06","04","06",104,"Model A",1988,"67 years 05 months",67,328000,1.43046785703727,103.843466655787,23.109
"2020-03","YISHUN","395 YISHUN RING RD","395","YISHUN RING RD","4 ROOM","01 TO 03","01","03",104,"Model A",1988,"67 years 06 months",67,3e+05,1.42884941903143,103.847221024874,20.993
"2020-03","YISHUN","257 YISHUN RING RD","257","YISHUN RING RD","4 ROOM","07 TO 09","07","09",84,"Simplified",1986,"65 years",65,303000,1.434567049002,103.839444685818,23.433
"2020-03","YISHUN","342B YISHUN RING RD","342B","YISHUN RING RD","4 ROOM","01 TO 03","01","03",96,"Premium Apartment",2016,"94 years 10 months",94,360000,1.43024596089696,103.844838329615,21.534
"2020-03","YISHUN","342B YISHUN RING RD","342B","YISHUN RING RD","4 ROOM","13 TO 15","13","15",96,"Premium Apartment",2016,"94 years 10 months",94,440000,1.43024596089696,103.844838329615,21.534
"2020-03","YISHUN","122 YISHUN ST 11","122","YISHUN ST 11","4 ROOM","04 TO 06","04","06",91,"New Generation",1984,"63 years 08 months",63,3e+05,1.4349975861895,103.831124805626,23.44
"2020-03","YISHUN","296 YISHUN ST 20","296","YISHUN ST 20","4 ROOM","01 TO 03","01","03",91,"Model A",2000,"79 years 09 months",79,350000,1.43539224579712,103.835500981499,23.008
"2020-03","YISHUN","223 YISHUN ST 21","223","YISHUN ST 21","4 ROOM","01 TO 03","01","03",96,"New Generation",1986,"64 years 11 months",64,325000,1.43436727337775,103.835602685564,23.305
"2020-03","YISHUN","215 YISHUN ST 21","215","YISHUN ST 21","4 ROOM","01 TO 03","01","03",93,"New Generation",1985,"63 years 10 months",63,365000,1.43162702489224,103.835670486049,23.471
"2020-03","YISHUN","204 YISHUN ST 21","204","YISHUN ST 21","4 ROOM","01 TO 03","01","03",99,"New Generation",1985,"64 years",64,350000,1.43071274087395,103.835795976268,23.574
"2020-03","YISHUN","220 YISHUN ST 21","220","YISHUN ST 21","4 ROOM","04 TO 06","04","06",96,"New Generation",1985,"64 years 07 months",64,350000,1.43361672222753,103.835244025759,23.388
"2020-03","YISHUN","210 YISHUN ST 21","210","YISHUN ST 21","4 ROOM","01 TO 03","01","03",93,"New Generation",1985,"64 years 06 months",64,335000,1.43132579242116,103.838867953025,23.285
"2020-03","YISHUN","260 YISHUN ST 22","260","YISHUN ST 22","4 ROOM","10 TO 12","10","12",84,"Simplified",1985,"64 years 05 months",64,305000,1.43547754128002,103.839276532996,22.326
"2020-03","YISHUN","272 YISHUN ST 22","272","YISHUN ST 22","4 ROOM","07 TO 09","07","09",84,"Simplified",1987,"66 years 02 months",66,299000,1.43809763830105,103.839642130302,22.39
"2020-03","YISHUN","333A YISHUN ST 31","333A","YISHUN ST 31","4 ROOM","01 TO 03","01","03",92,"Model A",2015,"94 years 08 months",94,360000,1.43193955083877,103.844987122713,21.296
"2020-03","YISHUN","505D YISHUN ST 51","505D","YISHUN ST 51","4 ROOM","04 TO 06","04","06",92,"Model A",2016,"95 years",95,4e+05,1.41883284175427,103.844225827265,22.428
"2020-03","YISHUN","638 YISHUN ST 61","638","YISHUN ST 61","4 ROOM","04 TO 06","04","06",84,"Simplified",1987,"66 years",66,3e+05,1.42025912183945,103.838566299942,21.903
"2020-03","YISHUN","627 YISHUN ST 61","627","YISHUN ST 61","4 ROOM","07 TO 09","07","09",103,"Model A",1988,"66 years 11 months",66,385000,1.41770409927839,103.837005089412,21.962
"2020-03","YISHUN","635 YISHUN ST 61","635","YISHUN ST 61","4 ROOM","10 TO 12","10","12",84,"Simplified",1987,"66 years 05 months",66,278000,1.4192307037507,103.838982110985,21.812
"2020-03","YISHUN","635 YISHUN ST 61","635","YISHUN ST 61","4 ROOM","07 TO 09","07","09",84,"Simplified",1987,"66 years 05 months",66,315000,1.4192307037507,103.838982110985,21.812
"2020-03","YISHUN","629 YISHUN ST 61","629","YISHUN ST 61","4 ROOM","10 TO 12","10","12",103,"Model A",1988,"67 years 01 month",67,365000,1.41839680437318,103.837739340409,21.794
"2020-03","YISHUN","645 YISHUN ST 61","645","YISHUN ST 61","4 ROOM","04 TO 06","04","06",91,"New Generation",1992,"71 years 03 months",71,305000,1.42190178136628,103.838605643566,22.03
"2020-03","YISHUN","642 YISHUN ST 61","642","YISHUN ST 61","4 ROOM","10 TO 12","10","12",84,"Simplified",1986,"65 years 07 months",65,303300,1.42097005451488,103.837446801202,22.131
"2020-03","YISHUN","713 YISHUN ST 71","713","YISHUN ST 71","4 ROOM","01 TO 03","01","03",84,"Simplified",1987,"66 years 04 months",66,265000,1.42752811877469,103.827416588661,22.6
"2020-03","YISHUN","727 YISHUN ST 71","727","YISHUN ST 71","4 ROOM","04 TO 06","04","06",84,"Simplified",1985,"64 years 08 months",64,335000,1.42621011729954,103.831240144634,22.568
"2020-03","YISHUN","727 YISHUN ST 71","727","YISHUN ST 71","4 ROOM","01 TO 03","01","03",104,"Model A",1985,"64 years 08 months",64,316800,1.42621011729954,103.831240144634,22.568
"2020-03","YISHUN","762 YISHUN ST 72","762","YISHUN ST 72","4 ROOM","07 TO 09","07","09",104,"Model A",1985,"64 years 07 months",64,390000,1.42568741187326,103.834007618825,22.895
"2020-03","YISHUN","850 YISHUN ST 81","850","YISHUN ST 81","4 ROOM","01 TO 03","01","03",104,"Model A",1988,"67 years 04 months",67,375000,1.41603095097186,103.836239123144,21.701
"2020-03","YISHUN","844 YISHUN ST 81","844","YISHUN ST 81","4 ROOM","04 TO 06","04","06",104,"Model A",1988,"67 years 09 months",67,375000,1.41562517345068,103.835446503581,21.432
"2020-03","YISHUN","868 YISHUN ST 81","868","YISHUN ST 81","4 ROOM","10 TO 12","10","12",84,"Simplified",1987,"66 years 08 months",66,305000,1.41382332195995,103.837338324568,21.673
"2020-03","YISHUN","875 YISHUN ST 81","875","YISHUN ST 81","4 ROOM","07 TO 09","07","09",84,"Simplified",1988,"66 years 10 months",66,290000,1.41476320431294,103.836287031325,21.739
"2020-04","ANG MO KIO","472 ANG MO KIO AVE 10","472","ANG MO KIO AVE 10","4 ROOM","10 TO 12","10","12",92,"New Generation",1979,"58 years 03 months",58,370000,1.36314392666998,103.858118593427,11.743
"2020-04","ANG MO KIO","350 ANG MO KIO ST 32","350","ANG MO KIO ST 32","4 ROOM","10 TO 12","10","12",90,"Model A",2001,"80 years 09 months",80,572000,1.36371311763063,103.850044231877,12.074
"2020-04","BEDOK","131 BEDOK NTH AVE 3","131","BEDOK NTH AVE 3","4 ROOM","07 TO 09","07","09",92,"New Generation",1978,"57 years 01 month",57,420000,1.32698509795919,103.935847895885,13.87
"2020-04","BEDOK","132 BEDOK NTH ST 2","132","BEDOK NTH ST 2","4 ROOM","07 TO 09","07","09",92,"New Generation",1978,"57 years 01 month",57,440000,1.32775288998395,103.936709340476,14.733
"2020-04","BEDOK","622 BEDOK RESERVOIR RD","622","BEDOK RESERVOIR RD","4 ROOM","04 TO 06","04","06",91,"New Generation",1981,"60 years",60,4e+05,1.3340607503551,103.916898741089,14.926
"2020-04","BISHAN","223 BISHAN ST 23","223","BISHAN ST 23","4 ROOM","07 TO 09","07","09",103,"Model A",1992,"71 years 04 months",71,520000,1.3584619012705,103.848248660015,12.924
"2020-04","BUKIT BATOK","101 BT BATOK WEST AVE 6","101","BT BATOK WEST AVE 6","4 ROOM","01 TO 03","01","03",104,"Model A",1985,"64 years 03 months",64,365000,1.34670636093149,103.746920663038,18.198
"2020-04","BUKIT MERAH","103B DEPOT RD","103B","DEPOT RD","4 ROOM","01 TO 03","01","03",100,"Model A",2002,"81 years 02 months",81,5e+05,1.28073692384594,103.813135678562,5.843
"2020-04","BUKIT MERAH","88 REDHILL CL","88","REDHILL CL","4 ROOM","13 TO 15","13","15",113,"Model A",1995,"73 years 09 months",73,802000,1.28584081223944,103.818596280876,5.355
"2020-04","BUKIT MERAH","17A TELOK BLANGAH CRES","17A","TELOK BLANGAH CRES","4 ROOM","25 TO 27","25","27",99,"Model A",2002,"80 years 09 months",80,650000,1.27738260692574,103.821603980031,6.201
"2020-04","BUKIT PANJANG","420 FAJAR RD","420","FAJAR RD","4 ROOM","07 TO 09","07","09",104,"Model A",1989,"68 years 03 months",68,350000,1.3846500073791,103.76951726565,18.205
"2020-04","BUKIT PANJANG","460 SEGAR RD","460","SEGAR RD","4 ROOM","10 TO 12","10","12",93,"Premium Apartment",2015,"94 years 05 months",94,445000,1.38725146572543,103.772083507035,18.218
"2020-04","BUKIT PANJANG","548B SEGAR RD","548B","SEGAR RD","4 ROOM","07 TO 09","07","09",92,"Model A",2015,"94 years 09 months",94,419000,1.38942073606675,103.768573656612,18.498
"2020-04","BUKIT PANJANG","633C SENJA RD","633C","SENJA RD","4 ROOM","31 TO 33","31","33",93,"Model A",2013,"92 years 09 months",92,5e+05,1.38473473131824,103.759217747785,18.81
"2020-04","BUKIT PANJANG","636B SENJA RD","636B","SENJA RD","4 ROOM","07 TO 09","07","09",92,"Model A",2015,"94 years 08 months",94,435000,1.38762470759976,103.758331445094,18.992
"2020-04","CHOA CHU KANG","487C CHOA CHU KANG AVE 5","487C","CHOA CHU KANG AVE 5","4 ROOM","07 TO 09","07","09",93,"Model A",2016,"95 years 03 months",95,390000,1.37651280702577,103.739137682367,22.812
"2020-04","CHOA CHU KANG","487B CHOA CHU KANG AVE 5","487B","CHOA CHU KANG AVE 5","4 ROOM","13 TO 15","13","15",93,"Model A",2016,"95 years 03 months",95,425000,1.37635512444695,103.738360161731,22.688
"2020-04","CHOA CHU KANG","487B CHOA CHU KANG AVE 5","487B","CHOA CHU KANG AVE 5","4 ROOM","13 TO 15","13","15",93,"Model A",2016,"95 years 03 months",95,425000,1.37635512444695,103.738360161731,22.688
"2020-04","CHOA CHU KANG","686C CHOA CHU KANG CRES","686C","CHOA CHU KANG CRES","4 ROOM","16 TO 18","16","18",85,"Model A2",2002,"81 years 07 months",81,330000,1.40468369607815,103.74900201661,23.427
"2020-04","CHOA CHU KANG","354 CHOA CHU KANG CTRL","354","CHOA CHU KANG CTRL","4 ROOM","04 TO 06","04","06",106,"Model A",1993,"72 years 03 months",72,388000,1.38264543801157,103.743561079684,22.657
"2020-04","CLEMENTI","324 CLEMENTI AVE 5","324","CLEMENTI AVE 5","4 ROOM","04 TO 06","04","06",91,"New Generation",1978,"56 years 10 months",56,450000,1.31514159529226,103.766056205529,12.791
"2020-04","HOUGANG","415 HOUGANG AVE 10","415","HOUGANG AVE 10","4 ROOM","07 TO 09","07","09",93,"New Generation",1985,"64 years 06 months",64,370116,1.37517507468581,103.896537715818,16.843
"2020-04","HOUGANG","434 HOUGANG AVE 8","434","HOUGANG AVE 8","4 ROOM","01 TO 03","01","03",105,"Model A",1989,"68 years 03 months",68,359000,1.37647221404827,103.893822113477,16.453
"2020-04","HOUGANG","242 HOUGANG ST 22","242","HOUGANG ST 22","4 ROOM","10 TO 12","10","12",99,"New Generation",1984,"63 years 07 months",63,385000,1.35738897663765,103.892167860466,12.02
"2020-04","HOUGANG","556 HOUGANG ST 51","556","HOUGANG ST 51","4 ROOM","04 TO 06","04","06",103,"Model A",1992,"71 years 06 months",71,355000,1.3797347301581,103.890205700216,16.619
"2020-04","HOUGANG","476B UPP SERANGOON VIEW","476B","UPP SERANGOON VIEW","4 ROOM","16 TO 18","16","18",92,"Premium Apartment",2016,"95 years",95,530000,1.37732845210704,103.904212191193,15.301
"2020-04","JURONG WEST","474 JURONG WEST ST 41","474","JURONG WEST ST 41","4 ROOM","01 TO 03","01","03",103,"Model A",1984,"63 years 06 months",63,355000,1.34809707501986,103.724184231142,19.096
"2020-04","JURONG WEST","661A JURONG WEST ST 64","661A","JURONG WEST ST 64","4 ROOM","07 TO 09","07","09",91,"Model A",2001,"80 years 05 months",80,405000,1.33567944605321,103.705141174139,22.196
"2020-04","JURONG WEST","677C JURONG WEST ST 64","677C","JURONG WEST ST 64","4 ROOM","13 TO 15","13","15",90,"Premium Apartment",2008,"87 years 03 months",87,371000,1.34535269242821,103.704959975034,22.103
"2020-04","JURONG WEST","730 JURONG WEST ST 72","730","JURONG WEST ST 72","4 ROOM","04 TO 06","04","06",103,"Model A",1990,"69 years 08 months",69,312000,1.34610886408457,103.698426986147,23.863
"2020-04","JURONG WEST","731 JURONG WEST ST 72","731","JURONG WEST ST 72","4 ROOM","10 TO 12","10","12",103,"Model A",1990,"69 years 08 months",69,338000,1.34549617797228,103.698708059871,23.747
"2020-04","SENGKANG","330A ANCHORVALE ST","330A","ANCHORVALE ST","4 ROOM","16 TO 18","16","18",92,"Model A",2015,"94 years 05 months",94,452888,1.39662723290185,103.889865436797,19.013
"2020-04","SENGKANG","201D COMPASSVALE DR","201D","COMPASSVALE DR","4 ROOM","10 TO 12","10","12",90,"Model A",2001,"80 years 04 months",80,380000,1.38728792771911,103.893598492628,17.421
"2020-04","SENGKANG","207A COMPASSVALE LANE","207A","COMPASSVALE LANE","4 ROOM","04 TO 06","04","06",92,"Model A",2005,"83 years 11 months",83,357000,1.38530709577874,103.897870151664,15.905
"2020-04","SENGKANG","298C COMPASSVALE ST","298C","COMPASSVALE ST","4 ROOM","13 TO 15","13","15",94,"Premium Apartment",2001,"80 years 04 months",80,360000,1.39626992629114,103.900983156779,18.165
"2020-04","SENGKANG","416A FERNVALE LINK","416A","FERNVALE LINK","4 ROOM","19 TO 21","19","21",93,"Model A",2016,"94 years 09 months",94,435000,1.39061195455357,103.879963568325,17.51
"2020-04","SENGKANG","178D RIVERVALE CRES","178D","RIVERVALE CRES","4 ROOM","16 TO 18","16","18",93,"Model A",2015,"94 years",94,388888,1.38904079413305,103.91071884624,16.584
"2020-04","SENGKANG","178D RIVERVALE CRES","178D","RIVERVALE CRES","4 ROOM","07 TO 09","07","09",93,"Model A",2015,"93 years 11 months",93,370000,1.38904079413305,103.91071884624,16.584
"2020-04","SENGKANG","153 RIVERVALE CRES","153","RIVERVALE CRES","4 ROOM","04 TO 06","04","06",91,"Model A",2005,"84 years 08 months",84,345000,1.39136527233854,103.906601243533,16.416
"2020-04","SENGKANG","124C RIVERVALE DR","124C","RIVERVALE DR","4 ROOM","16 TO 18","16","18",90,"Model A2",1999,"78 years 04 months",78,370000,1.38809640740115,103.902720783456,16.392
"2020-04","SERANGOON","227 SERANGOON AVE 4","227","SERANGOON AVE 4","4 ROOM","04 TO 06","04","06",96,"New Generation",1984,"63 years 09 months",63,410000,1.35647098065068,103.871126764494,12.548
"2020-04","SERANGOON","416 SERANGOON CTRL","416","SERANGOON CTRL","4 ROOM","07 TO 09","07","09",105,"Model A",1989,"68 years 02 months",68,618000,1.35020561451168,103.87481852314,13.088
"2020-04","SERANGOON","512 SERANGOON NTH AVE 4","512","SERANGOON NTH AVE 4","4 ROOM","10 TO 12","10","12",100,"Model A",1997,"76 years 04 months",76,410000,1.37151127575468,103.875246610429,14.262
"2020-04","TAMPINES","140 TAMPINES ST 12","140","TAMPINES ST 12","4 ROOM","07 TO 09","07","09",91,"New Generation",1984,"63 years 08 months",63,378000,1.34755779818379,103.943814796185,18.79
"2020-08","BISHAN","265 BISHAN ST 24","265","BISHAN ST 24","4 ROOM","04 TO 06","04","06",112,"Model A",1992,"71 years",71,610000,1.35831237987584,103.842088235009,13.25
"2020-08","BISHAN","302 SHUNFU RD","302","SHUNFU RD","4 ROOM","01 TO 03","01","03",100,"New Generation",1984,"63 years 02 months",63,558000,1.34936138318074,103.839099307727,10.127
"2020-08","BUKIT BATOK","283 BT BATOK EAST AVE 3","283","BT BATOK EAST AVE 3","4 ROOM","04 TO 06","04","06",83,"Simplified",1988,"66 years 07 months",66,350000,1.34725431164737,103.757360090503,17.022
"2020-08","BUKIT BATOK","204 BT BATOK ST 21","204","BT BATOK ST 21","4 ROOM","01 TO 03","01","03",107,"Model A",1985,"63 years 09 months",63,415000,1.34755865555388,103.74988715048,18.117
"2020-08","BUKIT BATOK","209 BT BATOK ST 21","209","BT BATOK ST 21","4 ROOM","01 TO 03","01","03",104,"Model A",1985,"63 years 07 months",63,390000,1.34548843030138,103.748737963222,18.259
"2020-08","BUKIT BATOK","210 BT BATOK ST 21","210","BT BATOK ST 21","4 ROOM","01 TO 03","01","03",107,"Model A",1985,"63 years 09 months",63,377000,1.34548008232168,103.74995609585,18.291
"2020-08","BUKIT BATOK","319 BT BATOK ST 33","319","BT BATOK ST 33","4 ROOM","07 TO 09","07","09",84,"Simplified",1986,"65 years 01 month",65,317000,1.3613950798384,103.746516665634,20.295
"2020-08","BUKIT BATOK","349 BT BATOK ST 34","349","BT BATOK ST 34","4 ROOM","10 TO 12","10","12",104,"Model A",1987,"65 years 07 months",65,368000,1.36209582624362,103.749579951698,20.608
"2020-08","BUKIT BATOK","540 BT BATOK ST 52","540","BT BATOK ST 52","4 ROOM","07 TO 09","07","09",103,"Model A",1987,"66 years 01 month",66,355000,1.35440568176535,103.75130601487,18.478
"2020-08","BUKIT BATOK","391 BT BATOK WEST AVE 5","391","BT BATOK WEST AVE 5","4 ROOM","25 TO 27","25","27",86,"Model A",2004,"83 years 01 month",83,455000,1.36585374932576,103.752728543207,20.882
"2020-08","BUKIT BATOK","391 BT BATOK WEST AVE 5","391","BT BATOK WEST AVE 5","4 ROOM","07 TO 09","07","09",92,"Model A",2004,"83 years 01 month",83,405000,1.36585374932576,103.752728543207,20.882
"2020-08","BUKIT BATOK","393 BT BATOK WEST AVE 5","393","BT BATOK WEST AVE 5","4 ROOM","07 TO 09","07","09",92,"Model A",2004,"83 years 02 months",83,408000,1.36649328120419,103.753112569115,20.854
"2020-08","BUKIT BATOK","102 BT BATOK WEST AVE 6","102","BT BATOK WEST AVE 6","4 ROOM","07 TO 09","07","09",104,"Model A",1985,"63 years 11 months",63,460000,1.34732995877412,103.747343554163,18.324
"2020-08","BUKIT BATOK","146 BT BATOK WEST AVE 6","146","BT BATOK WEST AVE 6","4 ROOM","01 TO 03","01","03",93,"New Generation",1984,"63 years",63,318000,1.34966890869827,103.744083499088,18.471
"2020-08","BUKIT MERAH","106A DEPOT RD","106A","DEPOT RD","4 ROOM","22 TO 24","22","24",100,"Model A",2000,"79 years",79,650000,1.28061364977894,103.810967870883,6.061
"2020-08","BUKIT MERAH","109A DEPOT RD","109A","DEPOT RD","4 ROOM","01 TO 03","01","03",100,"Model A",2006,"84 years 07 months",84,450000,1.28095771309777,103.809440153696,6.225
"2020-08","BUKIT MERAH","104B DEPOT RD","104B","DEPOT RD","4 ROOM","13 TO 15","13","15",100,"Model A",2000,"78 years 11 months",78,597000,1.28049143987378,103.812100811742,5.942
"2020-08","BUKIT MERAH","27A JLN MEMBINA","27A","JLN MEMBINA","4 ROOM","19 TO 21","19","21",85,"Model A",2008,"87 years 04 months",87,729600,1.2822186913861,103.824536254761,4.272
"2020-08","BUKIT MERAH","118A JLN MEMBINA","118A","JLN MEMBINA","4 ROOM","13 TO 15","13","15",92,"Model A",2003,"81 years 05 months",81,715000,1.28142028197972,103.825645216312,4.476
"2020-08","BUKIT MERAH","51 LENGKOK BAHRU","51","LENGKOK BAHRU","4 ROOM","04 TO 06","04","06",84,"Simplified",1986,"65 years 03 months",65,458000,1.28761342749689,103.812272124073,5.35
"2020-08","BUKIT MERAH","53 LENGKOK BAHRU","53","LENGKOK BAHRU","4 ROOM","04 TO 06","04","06",84,"Simplified",1986,"65 years 02 months",65,438000,1.28884723459282,103.813450564855,5.282
"2020-08","BUKIT MERAH","75C REDHILL RD","75C","REDHILL RD","4 ROOM","19 TO 21","19","21",100,"Model A",2007,"85 years 05 months",85,821000,1.28902314290104,103.816276016167,5.196
"2020-08","BUKIT MERAH","23 TELOK BLANGAH CRES","23","TELOK BLANGAH CRES","4 ROOM","07 TO 09","07","09",82,"Improved",1975,"53 years 09 months",53,375000,1.27608072351135,103.820839521286,6.136
"2020-08","BUKIT MERAH","69 TELOK BLANGAH HTS","69","TELOK BLANGAH HTS","4 ROOM","01 TO 03","01","03",91,"New Generation",1978,"56 years 06 months",56,435000,1.27558342805007,103.810314018607,6.498
"2020-08","BUKIT MERAH","80A TELOK BLANGAH ST 31","80A","TELOK BLANGAH ST 31","4 ROOM","04 TO 06","04","06",95,"Premium Apartment",2013,"92 years 01 month",92,7e+05,1.27368173970143,103.806579408022,6.539
"2020-08","BUKIT PANJANG","434 BT PANJANG RING RD","434","BT PANJANG RING RD","4 ROOM","01 TO 03","01","03",108,"Model A",1989,"68 years 01 month",68,306000,1.38545924836708,103.77050511557,18.249
"2020-08","BUKIT PANJANG","241 BT PANJANG RING RD","241","BT PANJANG RING RD","4 ROOM","07 TO 09","07","09",104,"Model A",1988,"67 years 01 month",67,355000,1.37971696912364,103.771871254159,17.249
"2020-08","BUKIT PANJANG","238 BT PANJANG RING RD","238","BT PANJANG RING RD","4 ROOM","10 TO 12","10","12",104,"Model A",1988,"67 years 04 months",67,350000,1.37979484885351,103.770663726887,17.384
"2020-08","BUKIT PANJANG","420 FAJAR RD","420","FAJAR RD","4 ROOM","10 TO 12","10","12",104,"Model A",1989,"67 years 10 months",67,378000,1.3846500073791,103.76951726565,18.205
"2020-08","BUKIT PANJANG","442D FAJAR RD","442D","FAJAR RD","4 ROOM","07 TO 09","07","09",93,"Model A",2016,"95 years 04 months",95,455000,1.38092147169303,103.770840739111,17.382
"2020-08","BUKIT PANJANG","442C FAJAR RD","442C","FAJAR RD","4 ROOM","13 TO 15","13","15",93,"Model A",2016,"95 years 05 months",95,435000,1.38148756854256,103.770942229271,17.465
"2020-08","BUKIT PANJANG","420 FAJAR RD","420","FAJAR RD","4 ROOM","04 TO 06","04","06",104,"Model A",1989,"67 years 10 months",67,345000,1.3846500073791,103.76951726565,18.205
"2020-08","BUKIT PANJANG","443B FAJAR RD","443B","FAJAR RD","4 ROOM","04 TO 06","04","06",93,"Model A",2016,"95 years 05 months",95,435000,1.38101722786729,103.769595216738,17.69
"2020-08","BUKIT PANJANG","516 JELAPANG RD","516","JELAPANG RD","4 ROOM","01 TO 03","01","03",102,"Model A",1998,"77 years 01 month",77,340000,1.3873519377776,103.767041821055,18.492
"2020-08","BUKIT PANJANG","508 JELAPANG RD","508","JELAPANG RD","4 ROOM","07 TO 09","07","09",90,"Model A2",1998,"76 years 09 months",76,335500,1.38634539387806,103.768831827225,18.64
"2020-08","BUKIT PANJANG","531 JELAPANG RD","531","JELAPANG RD","4 ROOM","04 TO 06","04","06",103,"Model A",1999,"77 years 06 months",77,385000,1.38555067626764,103.764236401698,18.928
"2020-08","BUKIT PANJANG","509 JELAPANG RD","509","JELAPANG RD","4 ROOM","01 TO 03","01","03",90,"Model A2",1998,"76 years 09 months",76,330000,1.38662703901062,103.76902161764,18.727
"2020-08","BUKIT PANJANG","548A SEGAR RD","548A","SEGAR RD","4 ROOM","13 TO 15","13","15",92,"Model A",2015,"94 years 05 months",94,420000,1.38903884910542,103.768351041202,18.385
"2020-08","BUKIT PANJANG","547A SEGAR RD","547A","SEGAR RD","4 ROOM","04 TO 06","04","06",92,"Model A",2015,"94 years",94,380000,1.38806381747058,103.77000953634,18.26
"2020-08","BUKIT PANJANG","546A SEGAR RD","546A","SEGAR RD","4 ROOM","04 TO 06","04","06",92,"Model A",2015,"93 years 11 months",93,370000,1.38852629003223,103.77035293606,18.258
"2020-08","BUKIT PANJANG","550A SEGAR RD","550A","SEGAR RD","4 ROOM","07 TO 09","07","09",92,"Model A",2015,"94 years 05 months",94,410000,1.38911206246444,103.767301515652,18.536
"2020-08","BUKIT PANJANG","470 SEGAR RD","470","SEGAR RD","4 ROOM","07 TO 09","07","09",90,"Premium Apartment",2002,"80 years 08 months",80,318000,1.38841640703441,103.773263601102,18.235
"2020-08","BUKIT PANJANG","482 SEGAR RD","482","SEGAR RD","4 ROOM","07 TO 09","07","09",91,"Premium Apartment",2002,"81 years 04 months",81,360000,1.38916099716883,103.772291892028,18.236
"2020-08","BUKIT PANJANG","485 SEGAR RD","485","SEGAR RD","4 ROOM","13 TO 15","13","15",92,"Model A",2014,"93 years 04 months",93,408000,1.38868132378093,103.771312569429,18.169
"2020-08","BUKIT PANJANG","549A SEGAR RD","549A","SEGAR RD","4 ROOM","16 TO 18","16","18",92,"Model A",2015,"94 years 04 months",94,445000,1.38969403291015,103.768385840702,18.502
"2020-08","BUKIT PANJANG","550B SEGAR RD","550B","SEGAR RD","4 ROOM","01 TO 03","01","03",92,"Model A",2015,"94 years 04 months",94,373000,1.38959118621,103.76744702208,18.624
"2020-08","BUKIT PANJANG","460 SEGAR RD","460","SEGAR RD","4 ROOM","07 TO 09","07","09",93,"Premium Apartment",2015,"94 years",94,405000,1.38725146572543,103.772083507035,18.218
"2020-08","BUKIT PANJANG","546A SEGAR RD","546A","SEGAR RD","4 ROOM","01 TO 03","01","03",92,"Model A",2015,"93 years 11 months",93,382000,1.38852629003223,103.77035293606,18.258
"2020-08","BUKIT PANJANG","636B SENJA RD","636B","SENJA RD","4 ROOM","10 TO 12","10","12",92,"Model A",2015,"94 years 04 months",94,445000,1.38762470759976,103.758331445094,18.992
"2020-08","BUKIT PANJANG","634A SENJA RD","634A","SENJA RD","4 ROOM","13 TO 15","13","15",92,"Model A",2015,"94 years 03 months",94,450000,1.38579809218637,103.757614659363,18.841
"2020-08","BUKIT PANJANG","635B SENJA RD","635B","SENJA RD","4 ROOM","19 TO 21","19","21",93,"Model A",2015,"94 years 02 months",94,450000,1.38660275237577,103.757710467868,18.958
"2020-08","BUKIT PANJANG","635A SENJA RD","635A","SENJA RD","4 ROOM","16 TO 18","16","18",92,"Model A",2015,"94 years 03 months",94,458000,1.38656225824527,103.757208072494,18.962
"2020-08","BUKIT PANJANG","635B SENJA RD","635B","SENJA RD","4 ROOM","22 TO 24","22","24",93,"Model A",2015,"94 years 02 months",94,477888,1.38660275237577,103.757710467868,18.958
"2020-08","BUKIT PANJANG","635A SENJA RD","635A","SENJA RD","4 ROOM","19 TO 21","19","21",92,"Model A",2015,"94 years 02 months",94,470000,1.38656225824527,103.757208072494,18.962
"2020-08","CENTRAL AREA","1E CANTONMENT RD","1E","CANTONMENT RD","4 ROOM","07 TO 09","07","09",95,"Type S1",2011,"89 years 05 months",89,9e+05,1.27662168427368,103.841156142262,2.051
"2020-08","CHOA CHU KANG","295 CHOA CHU KANG AVE 2","295","CHOA CHU KANG AVE 2","4 ROOM","07 TO 09","07","09",118,"Model A",1990,"68 years 09 months",68,325000,1.37826693842119,103.741110607439,22.892
"2020-08","CHOA CHU KANG","470 CHOA CHU KANG AVE 3","470","CHOA CHU KANG AVE 3","4 ROOM","13 TO 15","13","15",100,"Model A",1999,"77 years 06 months",77,335000,1.37817751599485,103.737107245589,23.188
"2020-08","CHOA CHU KANG","412 CHOA CHU KANG AVE 3","412","CHOA CHU KANG AVE 3","4 ROOM","01 TO 03","01","03",106,"Model A",1992,"70 years 11 months",70,320000,1.38180972459048,103.742381573149,20.579
"2020-08","CHOA CHU KANG","422 CHOA CHU KANG AVE 4","422","CHOA CHU KANG AVE 4","4 ROOM","07 TO 09","07","09",104,"Model A",1992,"71 years",71,332000,1.38225681754484,103.740957419462,23.149
"2020-08","CHOA CHU KANG","426 CHOA CHU KANG AVE 4","426","CHOA CHU KANG AVE 4","4 ROOM","10 TO 12","10","12",104,"Model A",1993,"71 years 10 months",71,345000,1.38053535977727,103.739234509084,23.17
"2020-08","CHOA CHU KANG","431 CHOA CHU KANG AVE 4","431","CHOA CHU KANG AVE 4","4 ROOM","04 TO 06","04","06",104,"Model A",1993,"71 years 10 months",71,388000,1.38403775540864,103.741773099201,22.859
"2020-08","CHOA CHU KANG","490C CHOA CHU KANG AVE 5","490C","CHOA CHU KANG AVE 5","4 ROOM","04 TO 06","04","06",93,"Model A",2016,"94 years 10 months",94,415000,1.37575014356152,103.741751767068,22.523
"2020-08","CHOA CHU KANG","489C CHOA CHU KANG AVE 5","489C","CHOA CHU KANG AVE 5","4 ROOM","10 TO 12","10","12",93,"Model A",2016,"94 years 10 months",94,455000,1.37605683547385,103.739806181184,22.56
"2020-08","CHOA CHU KANG","659 CHOA CHU KANG CRES","659","CHOA CHU KANG CRES","4 ROOM","01 TO 03","01","03",104,"Premium Apartment",1999,"77 years 09 months",77,352000,1.40124273911529,103.749394179356,23.428
"2020-08","CHOA CHU KANG","667 CHOA CHU KANG CRES","667","CHOA CHU KANG CRES","4 ROOM","10 TO 12","10","12",102,"Model A",1999,"77 years 10 months",77,352000,1.40258973962651,103.749629714805,23.401
"2020-08","CHOA CHU KANG","658 CHOA CHU KANG CRES","658","CHOA CHU KANG CRES","4 ROOM","04 TO 06","04","06",104,"Premium Apartment",1999,"77 years 08 months",77,362000,1.40075418778953,103.749259984055,23.535
"2020-08","CHOA CHU KANG","690D CHOA CHU KANG CRES","690D","CHOA CHU KANG CRES","4 ROOM","22 TO 24","22","24",90,"Model A",2003,"82 years",82,339999,1.4019620367156,103.751987230663,23.481
"2020-08","CHOA CHU KANG","784 CHOA CHU KANG DR","784","CHOA CHU KANG DR","4 ROOM","04 TO 06","04","06",109,"Model A",1997,"75 years 05 months",75,373000,1.3947072213297,103.747269527804,22.294
"2020-08","CHOA CHU KANG","544 CHOA CHU KANG ST 52","544","CHOA CHU KANG ST 52","4 ROOM","07 TO 09","07","09",107,"Model A",1995,"74 years 01 month",74,335000,1.39371134802136,103.743772016448,22.282
"2020-08","CHOA CHU KANG","10 TECK WHYE AVE","10","TECK WHYE AVE","4 ROOM","07 TO 09","07","09",92,"New Generation",1978,"56 years 09 months",56,280000,1.38047054647235,103.755211077169,19.334
"2020-08","CLEMENTI","311B CLEMENTI AVE 4","311B","CLEMENTI AVE 4","4 ROOM","07 TO 09","07","09",80,"DBSS",2014,"93 years 05 months",93,715000,1.31944669077178,103.765649446368,13.834
"2020-08","CLEMENTI","311A CLEMENTI AVE 4","311A","CLEMENTI AVE 4","4 ROOM","19 TO 21","19","21",80,"DBSS",2014,"93 years 04 months",93,735000,1.31911656776897,103.765492195959,13.829
"2020-08","CLEMENTI","205 CLEMENTI AVE 6","205","CLEMENTI AVE 6","4 ROOM","10 TO 12","10","12",91,"New Generation",1984,"63 years 04 months",63,440488,1.3210599628039,103.762434749863,13.924
"2020-08","CLEMENTI","510 WEST COAST DR","510","WEST COAST DR","4 ROOM","10 TO 12","10","12",83,"New Generation",1978,"56 years 06 months",56,331000,1.31082250334147,103.760805958742,13.946
"2020-08","GEYLANG","54 CASSIA CRES","54","CASSIA CRES","4 ROOM","04 TO 06","04","06",92,"New Generation",1983,"61 years 11 months",61,475000,1.31004800551081,103.884678198119,5.578
"2020-08","GEYLANG","18A CIRCUIT RD","18A","CIRCUIT RD","4 ROOM","07 TO 09","07","09",93,"Model A",2016,"95 years 03 months",95,720000,1.32932082372457,103.888071748726,8.535
"2020-08","GEYLANG","34 EUNOS CRES","34","EUNOS CRES","4 ROOM","16 TO 18","16","18",90,"Model A",2006,"85 years 04 months",85,698000,1.32101348298356,103.900972794677,8.781
"2020-08","GEYLANG","134 GEYLANG EAST AVE 1","134","GEYLANG EAST AVE 1","4 ROOM","01 TO 03","01","03",84,"Simplified",1986,"65 years 03 months",65,390000,1.31599388873107,103.886008964798,6.172
"2020-08","GEYLANG","2D GEYLANG SERAI","2D","GEYLANG SERAI","4 ROOM","13 TO 15","13","15",93,"Model A",2011,"90 years 05 months",90,680000,1.31757124294126,103.898647745081,7.52
"2020-08","GEYLANG","2A GEYLANG SERAI","2A","GEYLANG SERAI","4 ROOM","10 TO 12","10","12",95,"Model A",2011,"90 years 04 months",90,680000,1.31699648623217,103.897748935672,7.271
"2020-08","GEYLANG","121 PAYA LEBAR WAY","121","PAYA LEBAR WAY","4 ROOM","10 TO 12","10","12",91,"New Generation",1980,"59 years",59,372000,1.32192501630432,103.882860355973,8.548
"2020-08","GEYLANG","40 SIMS DR","40","SIMS DR","4 ROOM","01 TO 03","01","03",109,"Model A",1990,"68 years 10 months",68,445000,1.31747603013691,103.876354059117,6.506
"2020-08","GEYLANG","330 UBI AVE 1","330","UBI AVE 1","4 ROOM","04 TO 06","04","06",84,"Simplified",1985,"64 years 04 months",64,330000,1.32650643553954,103.904049563769,9.79
"2020-08","HOUGANG","979A BUANGKOK CRES","979A","BUANGKOK CRES","4 ROOM","16 TO 18","16","18",90,"Model A",2003,"82 years",82,355000,1.37947905484703,103.878977131446,15.835
"2020-08","HOUGANG","170 HOUGANG AVE 1","170","HOUGANG AVE 1","4 ROOM","01 TO 03","01","03",100,"Model A",1998,"76 years 05 months",76,345000,1.35146345874372,103.889319373277,11.468
"2020-08","HOUGANG","406 HOUGANG AVE 10","406","HOUGANG AVE 10","4 ROOM","01 TO 03","01","03",96,"New Generation",1985,"64 years 04 months",64,385000,1.37363949194651,103.896187665708,14.816
"2020-08","HOUGANG","452 HOUGANG AVE 10","452","HOUGANG AVE 10","4 ROOM","07 TO 09","07","09",103,"Model A",1992,"71 years 02 months",71,458000,1.37849144851244,103.896307987721,15.682
"2020-08","HOUGANG","516 HOUGANG AVE 10","516","HOUGANG AVE 10","4 ROOM","07 TO 09","07","09",90,"Simplified",1986,"65 years",65,378000,1.37274640086423,103.88904248743,15.848
"2020-08","HOUGANG","248 HOUGANG AVE 3","248","HOUGANG AVE 3","4 ROOM","01 TO 03","01","03",95,"New Generation",1984,"63 years 03 months",63,315000,1.35937034964577,103.892587549209,12.572
"2020-08","HOUGANG","605 HOUGANG AVE 4","605","HOUGANG AVE 4","4 ROOM","04 TO 06","04","06",84,"Simplified",1985,"64 years 02 months",64,338000,1.37096742046403,103.88649685593,15.507
"2020-08","HOUGANG","529 HOUGANG AVE 6","529","HOUGANG AVE 6","4 ROOM","10 TO 12","10","12",105,"Model A",1987,"65 years 11 months",65,435000,1.37546896487502,103.890729546346,16.621
"2020-08","HOUGANG","529 HOUGANG AVE 6","529","HOUGANG AVE 6","4 ROOM","07 TO 09","07","09",104,"Model A",1987,"65 years 10 months",65,493000,1.37546896487502,103.890729546346,16.621
"2020-08","HOUGANG","341 HOUGANG AVE 7","341","HOUGANG AVE 7","4 ROOM","04 TO 06","04","06",92,"New Generation",1985,"64 years",64,330000,1.37044549024151,103.898588733978,13.609
"2020-08","HOUGANG","627 HOUGANG AVE 8","627","HOUGANG AVE 8","4 ROOM","04 TO 06","04","06",84,"Simplified",1986,"65 years",65,330000,1.36921863405824,103.881883113541,14.902
"2020-08","HOUGANG","434 HOUGANG AVE 8","434","HOUGANG AVE 8","4 ROOM","04 TO 06","04","06",113,"Model A",1989,"67 years 10 months",67,435000,1.37647221404827,103.893822113477,16.453
"2020-08","HOUGANG","953 HOUGANG AVE 9","953","HOUGANG AVE 9","4 ROOM","04 TO 06","04","06",101,"Model A",1999,"77 years 08 months",77,4e+05,1.37602518905245,103.877538033383,14.825
"2020-08","HOUGANG","376A HOUGANG ST 32","376A","HOUGANG ST 32","4 ROOM","04 TO 06","04","06",92,"Model A",2016,"94 years 08 months",94,470000,1.36346009799329,103.893576325679,12.772
"2020-08","HOUGANG","376B HOUGANG ST 32","376B","HOUGANG ST 32","4 ROOM","01 TO 03","01","03",92,"Model A",2016,"94 years 07 months",94,453888,1.36412337735229,103.894090730991,12.855
"2020-08","HOUGANG","570 HOUGANG ST 51","570","HOUGANG ST 51","4 ROOM","04 TO 06","04","06",100,"Model A",1997,"75 years 10 months",75,370000,1.3779717648119,103.888099465444,16.746
"2020-08","HOUGANG","575 HOUGANG ST 51","575","HOUGANG ST 51","4 ROOM","01 TO 03","01","03",101,"Model A",1997,"75 years 06 months",75,352000,1.37793979527584,103.88697661055,16.507
"2020-08","HOUGANG","915 HOUGANG ST 91","915","HOUGANG ST 91","4 ROOM","13 TO 15","13","15",100,"Model A",1998,"76 years 06 months",76,4e+05,1.37751893484514,103.883567990888,15.928
"2020-08","HOUGANG","143 LOR AH SOO","143","LOR AH SOO","4 ROOM","10 TO 12","10","12",103,"Model A",1984,"63 years 05 months",63,4e+05,1.35223342746652,103.882841640503,12.159
"2020-08","HOUGANG","134 LOR AH SOO","134","LOR AH SOO","4 ROOM","04 TO 06","04","06",103,"Model A",1984,"62 years 07 months",62,365000,1.35046468321696,103.886509352895,12.813
"2020-08","TOA PAYOH","43 LOR 5 TOA PAYOH","43","LOR 5 TOA PAYOH","4 ROOM","01 TO 03","01","03",110,"Model A",1993,"71 years 08 months",71,5e+05,1.33593875252104,103.854288176424,11.263
"2020-08","TOA PAYOH","11 LOR 8 TOA PAYOH","11","LOR 8 TOA PAYOH","4 ROOM","07 TO 09","07","09",103,"Model A",1998,"76 years 06 months",76,540000,1.33723344302177,103.858841063408,11.126
"2020-08","TOA PAYOH","222 LOR 8 TOA PAYOH","222","LOR 8 TOA PAYOH","4 ROOM","13 TO 15","13","15",82,"Improved",1976,"54 years 08 months",54,310000,1.34176590225727,103.856041153786,11.951
"2020-08","TOA PAYOH","138 POTONG PASIR AVE 3","138","POTONG PASIR AVE 3","4 ROOM","01 TO 03","01","03",103,"Model A",1984,"62 years 11 months",62,445000,1.33356221015123,103.865458562014,9.253
"2020-08","TOA PAYOH","200 TOA PAYOH NTH","200","TOA PAYOH NTH","4 ROOM","07 TO 09","07","09",87,"Improved",1973,"51 years 11 months",51,359000,1.34167292743585,103.851007776843,11.633
"2020-08","WOODLANDS","212 MARSILING CRES","212","MARSILING CRES","4 ROOM","07 TO 09","07","09",104,"Model A",1983,"61 years 07 months",61,295000,1.44621408696805,103.773079709744,25.038
"2020-08","WOODLANDS","338 WOODLANDS AVE 1","338","WOODLANDS AVE 1","4 ROOM","01 TO 03","01","03",84,"Simplified",1989,"68 years 01 month",68,320000,1.43074665314852,103.781161363841,26.812
"2020-08","WOODLANDS","570C WOODLANDS AVE 1","570C","WOODLANDS AVE 1","4 ROOM","01 TO 03","01","03",92,"Model A",2013,"92 years 03 months",92,430000,1.43147277406855,103.78998191026,25.742
"2020-08","WOODLANDS","615 WOODLANDS AVE 4","615","WOODLANDS AVE 4","4 ROOM","04 TO 06","04","06",102,"Model A",1998,"77 years",77,312000,1.43408170813881,103.796662417315,26.598
"2020-08","WOODLANDS","615 WOODLANDS AVE 4","615","WOODLANDS AVE 4","4 ROOM","01 TO 03","01","03",101,"Model A",1998,"76 years 10 months",76,335000,1.43408170813881,103.796662417315,26.598
"2020-08","WOODLANDS","680 WOODLANDS AVE 6","680","WOODLANDS AVE 6","4 ROOM","10 TO 12","10","12",101,"Model A",1998,"77 years",77,425888,1.43963261801972,103.802121646793,27.039
"2020-08","WOODLANDS","748 WOODLANDS CIRCLE","748","WOODLANDS CIRCLE","4 ROOM","01 TO 03","01","03",101,"Model A",1998,"76 years 05 months",76,295000,1.4453347657703,103.795414343244,27.663
"2020-08","WOODLANDS","754 WOODLANDS CIRCLE","754","WOODLANDS CIRCLE","4 ROOM","07 TO 09","07","09",103,"Model A",1997,"76 years 04 months",76,330000,1.44528901712634,103.793928766431,27.761
"2020-08","WOODLANDS","775 WOODLANDS CRES","775","WOODLANDS CRES","4 ROOM","10 TO 12","10","12",91,"Model A2",1997,"76 years 03 months",76,323000,1.44851537801544,103.799883743679,27.578
"2020-08","WOODLANDS","780C WOODLANDS CRES","780C","WOODLANDS CRES","4 ROOM","07 TO 09","07","09",92,"Model A",2015,"93 years 11 months",93,380000,1.44911111477951,103.801346682135,27.63
"2020-08","WOODLANDS","780D WOODLANDS CRES","780D","WOODLANDS CRES","4 ROOM","07 TO 09","07","09",92,"Model A",2015,"93 years 11 months",93,415000,1.44811995933796,103.801945845172,27.7
"2020-08","WOODLANDS","782E WOODLANDS CRES","782E","WOODLANDS CRES","4 ROOM","01 TO 03","01","03",92,"Model A",2015,"93 years 10 months",93,352000,1.44805153860282,103.802708834923,27.714
"2020-08","WOODLANDS","780D WOODLANDS CRES","780D","WOODLANDS CRES","4 ROOM","07 TO 09","07","09",92,"Model A",2015,"93 years 11 months",93,4e+05,1.44811995933796,103.801945845172,27.7
"2020-08","WOODLANDS","516 WOODLANDS DR 14","516","WOODLANDS DR 14","4 ROOM","04 TO 06","04","06",107,"Premium Apartment",1999,"77 years 07 months",77,422000,1.43469554286276,103.791048679069,26.235
"2020-08","WOODLANDS","541 WOODLANDS DR 16","541","WOODLANDS DR 16","4 ROOM","04 TO 06","04","06",101,"Model A",2000,"78 years 09 months",78,343000,1.42801904350872,103.793053953282,25.414
"2020-08","WOODLANDS","786B WOODLANDS DR 60","786B","WOODLANDS DR 60","4 ROOM","07 TO 09","07","09",91,"Model A2",1997,"76 years",76,345000,1.44568798307172,103.800693953752,27.538
"2020-08","WOODLANDS","688A WOODLANDS DR 75","688A","WOODLANDS DR 75","4 ROOM","04 TO 06","04","06",90,"Premium Apartment",2004,"82 years 06 months",82,335000,1.44282519946342,103.807197738189,27.065
"2020-08","WOODLANDS","690E WOODLANDS DR 75","690E","WOODLANDS DR 75","4 ROOM","01 TO 03","01","03",90,"Premium Apartment",2004,"82 years 06 months",82,301000,1.44216549395902,103.808040672708,27.11
"2020-08","WOODLANDS","689A WOODLANDS DR 75","689A","WOODLANDS DR 75","4 ROOM","01 TO 03","01","03",90,"Premium Apartment",2004,"82 years 07 months",82,333000,1.44438629292754,103.807925409687,27.327
"2020-08","WOODLANDS","690F WOODLANDS DR 75","690F","WOODLANDS DR 75","4 ROOM","07 TO 09","07","09",90,"Premium Apartment",2004,"82 years 05 months",82,366000,1.44268598668095,103.807433131663,27.085
"2020-08","WOODLANDS","655 WOODLANDS RING RD","655","WOODLANDS RING RD","4 ROOM","01 TO 03","01","03",101,"Model A",1998,"76 years 07 months",76,335000,1.43741404509878,103.798257574917,26.6
"2020-08","WOODLANDS","172 WOODLANDS ST 13","172","WOODLANDS ST 13","4 ROOM","07 TO 09","07","09",91,"New Generation",1985,"64 years 02 months",64,308000,1.43397247465557,103.777516916131,24.157
"2020-08","WOODLANDS","105 WOODLANDS ST 13","105","WOODLANDS ST 13","4 ROOM","10 TO 12","10","12",92,"New Generation",1985,"63 years 09 months",63,320000,1.43684476168491,103.781579113316,24.132
"2020-08","WOODLANDS","108 WOODLANDS ST 13","108","WOODLANDS ST 13","4 ROOM","10 TO 12","10","12",91,"New Generation",1987,"65 years 05 months",65,338000,1.43721908735525,103.781576753293,24.174
"2020-08","WOODLANDS","105 WOODLANDS ST 13","105","WOODLANDS ST 13","4 ROOM","07 TO 09","07","09",91,"New Generation",1985,"63 years 08 months",63,320000,1.43684476168491,103.781579113316,24.132
"2020-08","WOODLANDS","110 WOODLANDS ST 13","110","WOODLANDS ST 13","4 ROOM","07 TO 09","07","09",93,"New Generation",1987,"65 years 05 months",65,315000,1.43759759979085,103.781575573323,24.214
"2020-08","WOODLANDS","874 WOODLANDS ST 82","874","WOODLANDS ST 82","4 ROOM","10 TO 12","10","12",111,"Model A",1996,"74 years 07 months",74,375000,1.44292047122638,103.789545669587,27.35
"2020-08","YISHUN","431B YISHUN AVE 1","431B","YISHUN AVE 1","4 ROOM","04 TO 06","04","06",92,"Model A",2015,"94 years 02 months",94,370000,1.4203331802259,103.847102448565,21.068
"2020-08","YISHUN","432A YISHUN AVE 1","432A","YISHUN AVE 1","4 ROOM","10 TO 12","10","12",92,"Model A",2015,"94 years 02 months",94,420000,1.41930728950471,103.847043629046,21.062
"2020-08","YISHUN","431B YISHUN AVE 1","431B","YISHUN AVE 1","4 ROOM","10 TO 12","10","12",92,"Model A",2015,"94 years 02 months",94,410000,1.4203331802259,103.847102448565,21.068
"2020-08","YISHUN","429A YISHUN AVE 11","429A","YISHUN AVE 11","4 ROOM","07 TO 09","07","09",92,"Model A",2015,"94 years 05 months",94,388000,1.42209731725453,103.849560369299,21.087
"2020-08","YISHUN","427 YISHUN AVE 11","427","YISHUN AVE 11","4 ROOM","10 TO 12","10","12",104,"Model A",1988,"67 years 02 months",67,330000,1.42206906919871,103.848091765572,20.986
"2020-08","YISHUN","426C YISHUN AVE 11","426C","YISHUN AVE 11","4 ROOM","01 TO 03","01","03",92,"Model A",2015,"93 years 08 months",93,377000,1.42271649180053,103.846963657212,21.426
"2020-08","YISHUN","430A YISHUN AVE 11","430A","YISHUN AVE 11","4 ROOM","07 TO 09","07","09",92,"Model A",2015,"94 years 04 months",94,365000,1.42141170441529,103.848563744666,21.136
"2020-08","YISHUN","430A YISHUN AVE 11","430A","YISHUN AVE 11","4 ROOM","07 TO 09","07","09",92,"Model A",2015,"94 years 04 months",94,380000,1.42141170441529,103.848563744666,21.136
"2020-08","YISHUN","347B YISHUN AVE 11","347B","YISHUN AVE 11","4 ROOM","07 TO 09","07","09",92,"DBSS",2013,"92 years 02 months",92,540000,1.42749509336445,103.842377140401,22.963
"2020-08","YISHUN","430B YISHUN AVE 11","430B","YISHUN AVE 11","4 ROOM","04 TO 06","04","06",92,"Model A",2015,"94 years 04 months",94,377000,1.42098709730833,103.848612654306,21.15
"2020-08","YISHUN","430B YISHUN AVE 11","430B","YISHUN AVE 11","4 ROOM","07 TO 09","07","09",92,"Model A",2015,"94 years 04 months",94,4e+05,1.42098709730833,103.848612654306,21.15
"2020-08","YISHUN","428B YISHUN AVE 11","428B","YISHUN AVE 11","4 ROOM","10 TO 12","10","12",92,"Model A",2015,"93 years 07 months",93,390000,1.42207815400064,103.847233385196,21.246
"2020-08","YISHUN","347B YISHUN AVE 11","347B","YISHUN AVE 11","4 ROOM","07 TO 09","07","09",92,"DBSS",2013,"92 years 02 months",92,543000,1.42749509336445,103.842377140401,22.963
"2020-08","YISHUN","662 YISHUN AVE 4","662","YISHUN AVE 4","4 ROOM","04 TO 06","04","06",84,"Simplified",1987,"66 years 01 month",66,330000,1.42047273835843,103.840529915317,22.081
"2020-08","YISHUN","393 YISHUN AVE 6","393","YISHUN AVE 6","4 ROOM","01 TO 03","01","03",108,"Model A",1988,"67 years 02 months",67,325000,1.42851535023391,103.848503721066,20.731
"2020-08","YISHUN","283 YISHUN AVE 6","283","YISHUN AVE 6","4 ROOM","07 TO 09","07","09",104,"Model A",1985,"64 years 03 months",64,320000,1.43949686296868,103.839281992379,22.369
"2020-08","YISHUN","289 YISHUN AVE 6","289","YISHUN AVE 6","4 ROOM","10 TO 12","10","12",84,"Simplified",1987,"65 years 11 months",65,320000,1.44052449307012,103.839005531098,22.447
"2020-08","YISHUN","403 YISHUN AVE 6","403","YISHUN AVE 6","4 ROOM","10 TO 12","10","12",104,"Model A",1988,"67 years 03 months",67,340000,1.42693726397599,103.848553174584,20.857
"2020-08","YISHUN","171 YISHUN AVE 7","171","YISHUN AVE 7","4 ROOM","10 TO 12","10","12",103,"Model A",1988,"67 years 01 month",67,333000,1.43691621022976,103.832132015264,23.881
"2020-08","YISHUN","317B YISHUN AVE 9","317B","YISHUN AVE 9","4 ROOM","01 TO 03","01","03",92,"Model A",2015,"94 years 03 months",94,380000,1.43416878511817,103.842950441024,21.777
"2020-08","YISHUN","315A YISHUN AVE 9","315A","YISHUN AVE 9","4 ROOM","07 TO 09","07","09",92,"Model A",2015,"94 years 03 months",94,425000,1.43238385408312,103.842384119393,23.369
"2020-08","YISHUN","318C YISHUN AVE 9","318C","YISHUN AVE 9","4 ROOM","13 TO 15","13","15",92,"Model A",2015,"94 years 03 months",94,437000,1.43338279018701,103.843517908933,21.883
"2020-08","YISHUN","317B YISHUN AVE 9","317B","YISHUN AVE 9","4 ROOM","04 TO 06","04","06",92,"Model A",2015,"94 years 02 months",94,4e+05,1.43416878511817,103.842950441024,21.777
"2020-08","YISHUN","317A YISHUN AVE 9","317A","YISHUN AVE 9","4 ROOM","01 TO 03","01","03",92,"Model A",2015,"94 years 02 months",94,420000,1.43450592896688,103.843292004282,21.756
"2020-08","YISHUN","315A YISHUN AVE 9","315A","YISHUN AVE 9","4 ROOM","13 TO 15","13","15",92,"Model A",2015,"94 years 02 months",94,435000,1.43238385408312,103.842384119393,23.369
"2020-08","YISHUN","318A YISHUN AVE 9","318A","YISHUN AVE 9","4 ROOM","07 TO 09","07","09",92,"Model A",2015,"94 years 02 months",94,443588,1.43407449545002,103.843573649375,21.766
"2020-08","YISHUN","315C YISHUN AVE 9","315C","YISHUN AVE 9","4 ROOM","01 TO 03","01","03",92,"Model A",2015,"94 years 02 months",94,380000,1.43236736579943,103.843300865333,22.093
"2020-08","YISHUN","316B YISHUN AVE 9","316B","YISHUN AVE 9","4 ROOM","01 TO 03","01","03",92,"Model A",2015,"94 years 02 months",94,380000,1.43286932101608,103.842697590791,22.023
"2020-08","YISHUN","342B YISHUN RING RD","342B","YISHUN RING RD","4 ROOM","01 TO 03","01","03",93,"Premium Apartment",2016,"94 years 06 months",94,370000,1.43024596089696,103.844838329615,21.534
"2020-08","YISHUN","312 YISHUN RING RD","312","YISHUN RING RD","4 ROOM","01 TO 03","01","03",84,"Simplified",1987,"65 years 10 months",65,3e+05,1.43158235383889,103.8412806199,23.096
"2020-08","YISHUN","165 YISHUN RING RD","165","YISHUN RING RD","4 ROOM","07 TO 09","07","09",103,"Model A",1988,"66 years 11 months",66,330000,1.43523020560839,103.832300907634,23.136
"2020-08","YISHUN","314 YISHUN RING RD","314","YISHUN RING RD","4 ROOM","10 TO 12","10","12",105,"Model A",1995,"73 years 06 months",73,378000,1.4317314171105,103.841752753756,23.083
"2020-08","YISHUN","805 YISHUN RING RD","805","YISHUN RING RD","4 ROOM","13 TO 15","13","15",84,"Simplified",1987,"65 years 09 months",65,368000,1.41742722691875,103.831588869701,21.445
"2020-08","YISHUN","363 YISHUN RING RD","363","YISHUN RING RD","4 ROOM","04 TO 06","04","06",104,"Model A",1988,"67 years 04 months",67,365500,1.42890496692964,103.845206071037,21.985
"2020-08","YISHUN","253 YISHUN RING RD","253","YISHUN RING RD","4 ROOM","01 TO 03","01","03",84,"Simplified",1985,"63 years 10 months",63,3e+05,1.43507473889027,103.840795048444,22.113
"2020-08","YISHUN","327 YISHUN RING RD","327","YISHUN RING RD","4 ROOM","10 TO 12","10","12",84,"Simplified",1988,"66 years 09 months",66,305000,1.43007109914643,103.842396446526,22.954
"2020-08","YISHUN","253 YISHUN RING RD","253","YISHUN RING RD","4 ROOM","04 TO 06","04","06",84,"Simplified",1985,"63 years 07 months",63,335000,1.43507473889027,103.840795048444,22.113
"2020-08","YISHUN","449 YISHUN RING RD","449","YISHUN RING RD","4 ROOM","13 TO 15","13","15",97,"Model A",2012,"91 years",91,425000,1.42260229629233,103.844247701105,21.482
"2020-08","YISHUN","314 YISHUN RING RD","314","YISHUN RING RD","4 ROOM","10 TO 12","10","12",108,"Model A",1995,"73 years 06 months",73,365000,1.4317314171105,103.841752753756,23.083
"2020-08","YISHUN","449 YISHUN RING RD","449","YISHUN RING RD","4 ROOM","04 TO 06","04","06",92,"Model A",2012,"91 years",91,418000,1.42260229629233,103.844247701105,21.482
"2020-08","YISHUN","331 YISHUN RING RD","331","YISHUN RING RD","4 ROOM","04 TO 06","04","06",103,"Model A",1988,"67 years 03 months",67,358000,1.43061313479548,103.843053582925,23.158
"2020-08","YISHUN","342A YISHUN RING RD","342A","YISHUN RING RD","4 ROOM","10 TO 12","10","12",93,"Premium Apartment",2016,"94 years 05 months",94,436888,1.43059711114855,103.84446482342,21.447
"2020-08","YISHUN","132 YISHUN ST 11","132","YISHUN ST 11","4 ROOM","07 TO 09","07","09",105,"Model A",1985,"63 years 07 months",63,350000,1.43277846415077,103.831223954136,23.076
"2020-08","YISHUN","336A YISHUN ST 31","336A","YISHUN ST 31","4 ROOM","13 TO 15","13","15",92,"Model A",2015,"94 years 04 months",94,452000,1.43129939349116,103.84467527369,21.461
"2020-08","YISHUN","334A YISHUN ST 31","334A","YISHUN ST 31","4 ROOM","10 TO 12","10","12",92,"Model A",2015,"94 years 03 months",94,425000,1.43290624174601,103.844695383831,21.389
"2020-08","YISHUN","334D YISHUN ST 31","334D","YISHUN ST 31","4 ROOM","13 TO 15","13","15",92,"Model A",2015,"94 years 03 months",94,428000,1.43241464963844,103.846517127438,21.113
"2020-08","YISHUN","334D YISHUN ST 31","334D","YISHUN ST 31","4 ROOM","07 TO 09","07","09",92,"Model A",2015,"94 years 04 months",94,405000,1.43241464963844,103.846517127438,21.113
"2020-08","YISHUN","504B YISHUN ST 51","504B","YISHUN ST 51","4 ROOM","04 TO 06","04","06",92,"Model A",2016,"94 years 07 months",94,388888,1.41773318073336,103.84382441362,22.172
"2020-08","YISHUN","504D YISHUN ST 51","504D","YISHUN ST 51","4 ROOM","04 TO 06","04","06",92,"Model A",2016,"94 years 07 months",94,411000,1.41833362541375,103.843721655882,22.216
"2020-08","YISHUN","646 YISHUN ST 61","646","YISHUN ST 61","4 ROOM","04 TO 06","04","06",84,"Simplified",1987,"66 years 01 month",66,305000,1.42211202762471,103.837491394098,21.993
"2020-08","YISHUN","635 YISHUN ST 61","635","YISHUN ST 61","4 ROOM","10 TO 12","10","12",84,"Simplified",1987,"66 years",66,310000,1.4192307037507,103.838982110985,21.812
"2020-08","YISHUN","725 YISHUN ST 71","725","YISHUN ST 71","4 ROOM","01 TO 03","01","03",84,"Simplified",1987,"66 years 02 months",66,270000,1.42695615059654,103.830709989693,22.522
"2020-08","YISHUN","725 YISHUN ST 71","725","YISHUN ST 71","4 ROOM","04 TO 06","04","06",89,"Simplified",1987,"66 years 02 months",66,355000,1.42695615059654,103.830709989693,22.522
